GeräteName;GeräteID;Kostenstelle;Raum/Baustelle;KW;Ablesedatum;Wochentag;Monat;Jahr;Verbrach [Wh];Verbrauch [kWh];01:00;02:00;03:00;04:00;05:00;06:00;07:00;08:00;09:00;10:00;11:00;12:00;13:00;14:00;15:00;16:00;17:00;18:00;19:00;20:00;21:00;22:00;23:00;24:00
;349454719215;;;51;19.12.2025;Freitag;Dezember;2025;3215,4;3,21;322,01;394,12;290,46;255,75;273,13;228,19;326,41;272,38;218,9;213,54;52,33;23,32;20,74;53,69;13,2;20,88;55,54;13,2;19,54;45,84;20,71;12,88;52,12;15,42
;349454719215;;;51;18.12.2025;Donnerstag;Dezember;2025;9985,34;9,98;408,9;511,7;443,64;485,58;565,89;558,39;683,68;716,78;567,88;531,35;480,01;358,33;279,93;264,14;206,57;191,1;244,97;287,4;340,19;372,74;364,77;374,88;381,88;335,37
;349454719215;;;51;17.12.2025;Mittwoch;Dezember;2025;10732,89;10,73;439;500,9;409,08;402,78;437,98;405,41;531,85;508,03;643,05;907,06;589,7;515,99;358,31;320,46;305,34;307,66;396,77;360,87;389,87;410,25;375,8;376,08;420,81;393,82
;349454719215;;;51;16.12.2025;Dienstag;Dezember;2025;10209,39;10,21;422,86;496,65;430,82;421,98;452,69;396,91;779,38;960,21;841,1;690,17;720,78;411,65;93,86;71,17;33,49;132,84;59,43;187,17;324,43;448,1;445,47;457,99;488,92;441,32
;349454719215;;;51;15.12.2025;Montag;Dezember;2025;10908,17;10,91;336,92;427,01;365,82;427,47;481,8;503,4;940,4;1473,65;1057,96;728,84;457,7;291,66;153,22;153,09;114,08;105,08;139,48;225,1;335,15;416,1;420,56;433,64;467,68;418,93
;349454719215;;;50;14.12.2025;Sonntag;Dezember;2025;8729,08;8,73;485,98;465,71;371,49;403,58;394,49;426,68;463,77;450,12;421,44;387,26;408,81;326,42;283,14;197,06;140;236,74;338,43;339,68;357,82;386,59;364,99;357,26;385,34;336,28
;349454719215;;;50;13.12.2025;Samstag;Dezember;2025;7410,5;7,41;238,27;292,52;236,61;257,52;236,77;228,8;285,93;274,17;263,24;297,31;234,8;225,65;224,18;167,34;120,98;163,04;210,66;331,97;445,97;486,19;513,58;582,6;538,17;509,94
;349454719215;;;50;12.12.2025;Freitag;Dezember;2025;10531,01;10,53;513,65;627,48;643,34;621,95;639,47;682,23;699,65;649,43;569,08;525,01;612,36;549,81;244,69;208,18;293,03;258,35;274,87;297,13;249,8;221,38;288,82;253,31;250,31;291,14
;349454719215;;;50;11.12.2025;Donnerstag;Dezember;2025;7283,96;7,28;294,13;374,04;380,8;377,64;402,45;469,47;511,68;492,5;542,97;192,34;101,15;130,02;82,71;81,19;148,39;108,04;22,8;133,73;218,67;286,73;439,95;439,98;476,13;540,47
;349454719215;;;50;10.12.2025;Mittwoch;Dezember;2025;5555,64;5,56;287,29;320,59;271,57;224,55;224,35;234,63;276,12;238,07;241,73;174,85;241,36;247,37;139,27;179,42;153,16;205,54;157,07;174,74;209,09;268,19;248,24;250,84;291,9;280,46
;349454719215;;;50;09.12.2025;Dienstag;Dezember;2025;4418,1;4,42;54,94;143,73;54,4;65,74;108,5;82,97;172,59;173,11;146,92;172,94;140,25;117;118,33;448,53;329,21;223,29;163,39;170,86;203,06;249,21;223,92;250,42;308,87;295,92
;349454719215;;;50;08.12.2025;Montag;Dezember;2025;2680,64;2,68;155,67;161,22;114,56;86,58;98,8;139,99;198,13;178,96;189,94;187,81;175,86;137,87;155,46;98,61;77,37;141,08;46,45;22,85;22,41;51,54;25,42;37,07;74,85;50,42
;349454719215;;;49;07.12.2025;Sonntag;Dezember;2025;5685,4;5,68;281,17;337,69;252,16;230,27;268,98;231,37;230,35;295,28;244,62;260,5;277,3;213,34;167,71;205,68;183,77;169,17;203,6;212,62;181,22;231,1;275,83;233,42;232,16;236,12
;349454719215;;;49;06.12.2025;Samstag;Dezember;2025;10845,15;10,85;551,78;564,78;490,37;502,38;476,36;492,69;596,26;581,29;609,45;573,03;584,66;507,34;480,45;450,05;382,03;350,19;381,41;346,43;333;367,72;313,36;307,55;318,76;283,81
;349454719215;;;49;05.12.2025;Freitag;Dezember;2025;13389,98;13,39;792,63;779,74;737,85;780,75;692,18;679,88;943,09;601,82;721,7;539,11;550,24;649,4;370,26;217,84;282,32;385,05;421,73;449,51;483,68;434,17;415,55;477,83;468,34;487,07
;349454719215;;;49;04.12.2025;Donnerstag;Dezember;2025;12077,76;12,08;419,69;425,24;415,93;463,2;421,05;441,44;581,6;375;435,45;512,83;531,69;395,57;402,48;448,84;447,19;510,17;377,42;460,97;588,95;615,71;631,11;735,63;729,7;710,9
;349454719215;;;49;03.12.2025;Mittwoch;Dezember;2025;9208,41;9,21;376,51;456,48;449,23;411,04;398,95;448,88;473,74;443,17;433,67;472;380,03;351,55;340,21;276,75;320,43;369,59;207,55;281,17;375,07;353,02;377,31;415,01;376,88;378,88
;349454719215;;;49;02.12.2025;Dienstag;Dezember;2025;11525,55;11,53;577,15;634,91;577,43;582,93;615,95;616,67;680,3;659,14;354,57;290,52;384,26;321,26;423,41;455,83;418,92;441,52;459,9;435,65;422,25;417;463,53;432,07;380,83;442,11
;349454719215;;;49;01.12.2025;Montag;Dezember;2025;14070,73;14,07;444,43;521,94;464,21;457,44;500,59;451,31;1076,51;1007,94;855,43;685,03;663,42;288,53;340,72;387,66;607,23;548,5;576,75;587,2;534,76;614,28;590,88;561,76;596;574
;349454719215;;;48;30.11.2025;Sonntag;November;2025;6616,35;6,62;166,04;226,37;133,82;125,82;154,07;208,23;241,54;270,57;349,11;314,12;301,94;307,19;196,45;130,59;186,98;200,28;237,9;326,96;377,61;445,21;424,21;423,4;441,1;426,84
;349454719215;;;48;29.11.2025;Samstag;November;2025;5298,26;5,3;235,2;290,23;182,41;188,37;225,01;214,68;228,41;259,63;226,83;212,31;252,72;193,77;181,02;192,83;165,77;166,75;237,44;211,71;250,83;283,73;254,28;220,91;246,78;176,64
;349454719215;;;48;28.11.2025;Freitag;November;2025;7724,24;7,72;552,04;588,29;559,11;518,62;514,53;511,31;542,7;548,95;379,06;430,47;453,35;416,86;244,46;95,28;59,99;51,17;90,54;59,11;72,19;152,37;146,38;190,88;236,48;238,51
;349454719215;;;48;27.11.2025;Donnerstag;November;2025;16635,74;16,64;743,55;789,8;740,04;745,66;773,15;771,05;833,14;764,92;773,2;724,04;683,19;676,25;640,61;706,78;591,42;690,08;675,03;656,73;647,1;652,04;612,16;587,27;603,87;554,66
;349454719215;;;48;26.11.2025;Mittwoch;November;2025;14951,58;14,95;592,45;611,26;586,9;672,47;652,01;641,69;679,43;823,45;674,35;649,79;763,44;654,16;373,72;290,73;407,89;578,92;391,69;534,12;610,4;708,69;725,5;760,62;781,15;738,14
;349454719215;;;48;25.11.2025;Dienstag;November;2025;13678,34;13,68;607,39;649,44;608,54;606,49;586,74;606,93;723,83;669,55;710,49;474,28;568,57;710,54;283,33;311,7;397,48;557,11;538,78;565,96;611,3;558,73;570,72;615,31;575,42;569,71
;349454719215;;;48;24.11.2025;Montag;November;2025;15957,29;15,96;14,39;102,17;14,39;14,44;46,08;14,57;2115,99;2101,19;2204,19;1343,06;813,12;505,69;201,38;759,21;588,38;589,59;512,7;548,16;598,41;560,09;555,29;604,61;577,03;573,16
;349454719215;;;47;23.11.2025;Sonntag;November;2025;712,6;0,71;14,36;99,85;14,29;45,37;14,27;14,26;48,1;14,31;44,99;14,04;14,26;45,9;14,21;45,5;13,2;45,71;14,31;14,44;45,05;14,4;45,95;14,42;14,37;45,84
;349454719215;;;47;22.11.2025;Samstag;November;2025;719,55;0,72;47;64,26;46,87;14,38;14,36;45,46;14,29;45,63;14,36;14,22;47,38;14,46;45,47;14,47;14,55;47,13;14,51;45,76;14,42;14,37;45,84;14,37;50,46;14,33
;349454719215;;;47;21.11.2025;Freitag;November;2025;10888,63;10,89;745,6;860,99;808,84;857,1;915,03;934,8;986,16;961,56;946,81;898,7;995,02;603,47;51,99;55,81;22,9;17,66;50,93;17,08;20,15;47,48;14,38;47,4;14,45;14,32
;349454719215;;;47;20.11.2025;Donnerstag;November;2025;15095,93;15,1;572,99;696,36;666,88;686,04;737,71;740,2;795,99;780,2;791,47;861,34;562,41;433,92;251,88;267,41;200,04;374,47;446,19;569,84;694,42;821,52;820,83;812,12;784,53;727,17
;349454719215;;;47;19.11.2025;Mittwoch;November;2025;12965,43;12,96;643,24;713,34;670,12;615,36;594,43;619,84;523,81;510,08;468,64;497,26;716,59;439,3;467,11;403,85;455,18;474,47;422,94;459,61;508,52;549,26;541,19;580,97;542,52;547,8
;349454719215;;;47;18.11.2025;Dienstag;November;2025;14077,35;14,08;581,75;665,94;537,87;552,97;596,03;585,32;1116,84;750,58;770,15;577,08;510,19;467,03;333,79;198,59;377,87;553,63;476,27;577,46;582,16;613,91;664,53;646,56;650,27;690,56
;349454719215;;;47;17.11.2025;Montag;November;2025;13470,95;13,47;45,65;65,76;46,66;14,5;14,38;46,81;2088,98;2122,05;1559,77;1037,5;769,18;439,22;242,01;72,03;177,66;156,73;377,65;473,87;578,43;651,78;630,81;622,73;628,51;608,28
;349454719215;;;46;16.11.2025;Sonntag;November;2025;674,77;0,68;14,5;64,83;14,39;46,9;26,34;46,11;14,38;14,42;45,8;14,48;14,3;46,13;18,05;54,63;14,34;14,45;46,37;14,44;13,07;46,08;14,38;46,48;14,38;14,39
;349454719215;;;46;15.11.2025;Samstag;November;2025;731,63;0,73;14,39;99,74;13,18;24,2;46,97;14,4;14,57;46,58;14,52;25,02;47,4;14,36;49,25;14,28;14,49;45,83;14,5;14,38;47,37;14,15;26,54;46,06;14,59;52,46
;349454719215;;;46;14.11.2025;Freitag;November;2025;2088,37;2,09;17,4;117,98;55,77;75,62;100,29;134,48;192,39;205,48;174,21;222,35;150,45;211,77;91,68;16,78;53,46;21,46;19,63;49,49;21,92;14,5;56,42;14,48;14,39;55,97
;349454719215;;;46;13.11.2025;Donnerstag;November;2025;3032,53;3,03;225,09;231,76;233,08;200,07;214,34;202,43;280,62;194,84;136,85;133,04;167,67;107,9;110,85;103,82;109,86;108,09;52,06;21,98;22,27;55,18;22,05;22,33;54,41;21,94
;349454719215;;;46;12.11.2025;Mittwoch;November;2025;4933,78;4,93;364,47;395,37;340,69;312,53;325,56;341,95;340,26;293,93;314,8;208,7;178,57;133,74;130,48;138,96;166,2;128,87;56,15;88,59;56,46;56,27;95,99;89,56;139,6;228,67
;349454719215;;;46;11.11.2025;Dienstag;November;2025;5776,51;5,78;388,71;418,79;375,51;301,99;297,6;315,61;256,54;270,18;286,4;181,09;174,09;195,89;71,98;105,2;127,09;98,67;57,09;97,69;142,74;203,71;311,51;339,63;329,6;382,05
;349454719215;;;46;10.11.2025;Montag;November;2025;8633,66;8,63;15,52;98,68;14,4;23,68;44,92;14,52;1991,51;1972,6;929,95;284,5;171,49;112,29;145,61;134,91;130,65;127,74;64,7;172,41;251,51;325,94;381,52;371,5;396,68;455,23
;349454719215;;;45;09.11.2025;Sonntag;November;2025;755,62;0,76;14,42;102,19;14,39;22,41;47,07;22,48;14,27;58,17;14,4;22,67;46,73;21,89;14,35;55,36;14,4;22,6;46,25;22,43;14,4;55,49;13,2;22,76;47,57;22,12
;349454719215;;;45;08.11.2025;Samstag;November;2025;767,51;0,77;55,65;65,77;21,84;53,6;14,4;22,21;46,61;22,1;19,54;49,2;22,48;14,51;56,02;14,49;22,33;46,19;21,96;14,45;32,13;44,33;14,67;22,03;47,6;22,2
;349454719215;;;45;07.11.2025;Freitag;November;2025;5404,52;5,41;299,91;438,02;454,08;448,47;461,37;463,4;811,3;882,54;319,33;155,53;137,43;150,57;53,08;22,71;56,88;23,37;18,98;17,24;55,55;22,05;22;51,09;17,48;22,14
;349454719215;;;45;06.11.2025;Donnerstag;November;2025;6523,93;6,52;315,35;482,37;440,9;480,63;542,22;534,49;579,6;611,55;548,99;476,02;335,93;116,88;66,03;193,24;144,24;89,66;23,11;55,59;21,92;22,04;54,72;27,27;115,58;245,6
;349454719215;;;45;05.11.2025;Mittwoch;November;2025;3789,41;3,79;54,94;73,08;14,39;54,6;21,86;14,64;781,35;682,6;479,48;360,05;155,97;142,44;57,01;76,71;50,92;134,64;81,67;22,29;55,36;21,16;22,06;41,3;159,16;231,73
;349454719215;;;45;04.11.2025;Dienstag;November;2025;3006,77;3,01;14,53;103,23;14,4;15,56;55,74;14,96;183,01;627,92;831,85;123,03;164,45;126,72;115,35;146,66;104,91;130,21;22,01;21,57;55,72;21,65;21,64;54,46;14,98;21,01
;349454719215;;;45;03.11.2025;Montag;November;2025;805,43;0,81;14,42;76,89;46,77;14,17;55,95;14,54;18,08;71,4;16,18;17,02;48,56;29,08;25,57;54,88;19,39;38,03;49,19;15,42;23,49;47,53;23,47;14,4;46,7;23,01
;349454719215;;;44;02.11.2025;Sonntag;November;2025;747,48;0,75;22,91;97,53;23,13;14,46;47,08;23,48;14,4;46,92;23,5;14,48;46,86;23,62;14,39;53,21;17,4;17,59;52,27;21,34;15,63;47,65;22,61;14,53;57,97;14,52
;349454719215;;;44;01.11.2025;Samstag;November;2025;729,93;0,73;15,19;97,57;14,4;23,96;47,84;14,46;24,22;46,59;14,38;14,52;56,34;14,43;14,4;55,85;14,4;23,07;46,71;22,72;14,42;55,29;14,4;22,93;47,39;14,45
;349454719215;;;44;31.10.2025;Freitag;Oktober;2025;759,84;0,76;56,32;64,05;18,04;51,93;14,17;46,32;14,4;24,4;46,55;14,57;14,43;45,99;24,85;14,54;46,15;24,14;14,46;48,05;23,61;14,41;53,41;15,86;14,31;54,88
;349454719215;;;44;30.10.2025;Donnerstag;Oktober;2025;736,01;0,74;21,92;59,6;34,05;40,85;14,4;54,1;14,76;26,99;47,05;25,31;15,13;56,44;15,15;23,19;48,37;23,58;22,29;14,56;53,71;21,85;14,39;56,57;14,39;14,48
;349454719215;;;44;29.10.2025;Mittwoch;Oktober;2025;4567,28;4,57;359,43;347,81;387,86;360,7;368,85;416,09;469,27;317,15;211,79;203,29;202,33;128,72;118,94;127,82;153,27;118,29;35,55;54,47;21,58;21,33;53,15;14,45;21,35;47,84
;349454719215;;;44;28.10.2025;Dienstag;Oktober;2025;7951,53;7,95;450,06;470,69;409,18;469,01;453,59;440,73;479,92;662,81;493,56;363,16;278,03;174,48;154,06;128,7;176,81;165,92;84,48;178;215,45;255,6;337,88;338,6;369,98;400,83
;349454719215;;;44;27.10.2025;Montag;Oktober;2025;7312,1;7,31;497,78;557,47;466,54;456,26;465,95;418,86;445,04;392,71;436,01;258,17;214,24;278,01;264,72;37,93;43,11;120,39;22,45;32,86;150,74;240,12;310,02;401,87;399,31;400,22
;349454719215;;;43;26.10.2025;Sonntag;Oktober;2025;10859,38;10,86;445,08;500,13;507,24;566,87;564,82;572,26;625,61;593,88;530,13;493,57;383,44;304,74;278,39;213,17;193,53;215,44;289,66;328,23;367,25;442,09;442,67;469,32;463,88;478,44
;349454719215;;;43;25.10.2025;Samstag;Oktober;2025;8211,9;8,21;391,3;367,52;388,8;382,34;375,6;385,93;423,03;378,36;375,14;398,02;333,36;323,68;342,55;297,72;274,83;245,84;200,14;219,73;255,89;316,49;333,83;361,61;429,13;411,06
;349454719215;;;43;24.10.2025;Freitag;Oktober;2025;7688,52;7,69;312,58;352,05;364,62;331,43;380,83;362,66;422,87;426,73;350,58;445,42;340,26;295,45;199,33;157,66;199,5;166,18;189,17;218,36;309,57;318,51;359,95;417,75;394,88;372,18
;349454719215;;;43;23.10.2025;Donnerstag;Oktober;2025;4430,2;4,43;241,21;287,34;372,17;313,56;324,12;353,15;312,71;203,66;192,66;181,12;171,2;114,34;109,58;34,14;71,16;22,67;50,71;22,89;22,67;87,64;134,35;201,5;295,06;297,66
;349454719215;;;43;22.10.2025;Mittwoch;Oktober;2025;2757,08;2,76;49,69;73,83;170,74;111,17;132,05;172,98;153,87;257,68;167,42;205,72;121,24;176,54;98,23;57,58;67,93;74,18;123,97;22,98;23,04;15,77;60,24;68,23;123,69;221,98
;349454719215;;;43;21.10.2025;Dienstag;Oktober;2025;3385,29;3,38;199,86;202,08;239,68;197,48;139,73;153,95;216,65;178,36;311,21;317,99;272,67;226,71;88,45;131,88;147,33;87,4;54,31;22,31;22,48;53,84;16,79;21,89;22,08;60,16
;349454719215;;;43;20.10.2025;Montag;Oktober;2025;5121,25;5,12;358,55;312,94;311,08;227,06;229,19;173,14;828,06;690,71;119;152,81;161,7;122,74;245,42;126,09;138,84;116,15;23,94;54,48;22,37;41,9;121,81;142,41;160,08;225,29
;349454719215;;;42;19.10.2025;Sonntag;Oktober;2025;7486,65;7,49;423,3;415,75;476,09;431,74;472,45;542,03;499,28;499,62;546,59;483,4;420,44;375,76;217,49;121,94;58,75;52,41;23,51;38,15;98,12;138,37;211,59;293,23;310,9;335,74
;349454719215;;;42;18.10.2025;Samstag;Oktober;2025;5071,85;5,07;53,17;22,91;70,93;73,91;114,66;241,35;399,35;448,79;509,8;401,13;288,45;110,26;31,16;61,7;23,88;44,77;59,4;131,85;158,47;248,86;366,01;361,69;402,39;446,96
;349454719215;;;42;17.10.2025;Freitag;Oktober;2025;3471,38;3,47;53,3;97,86;209,72;159,08;182,32;201,82;282,83;609,16;710,34;194,3;124,74;139,64;110,54;58,09;59,69;23,66;23,39;29,38;56,84;23,44;23,1;56,83;22,99;18,32
;349454719215;;;42;16.10.2025;Donnerstag;Oktober;2025;4416,11;4,42;169,85;213,78;282,64;226,25;271,21;231,97;742,07;649,99;399,35;139,99;163,19;106,39;135,17;156,13;110,73;120,41;59,28;23,14;23,16;56,01;23,3;23,35;23,23;65,52
;349454719215;;;42;15.10.2025;Mittwoch;Oktober;2025;3543,94;3,54;256,77;247,59;306,26;245,39;285,17;253,73;197,88;185,52;182,03;161,12;166,71;306,16;145,27;73,66;82,16;128,44;31,23;29,21;61,1;24,63;26,77;61,49;29,32;56,33
;349454719215;;;42;14.10.2025;Dienstag;Oktober;2025;4310,17;4,31;145,66;181,21;283,09;278,47;231,15;213,33;631,1;509,63;316,4;195;205,57;158,1;66,6;88,58;107,25;112,37;29,54;55,88;23,06;23,04;32,11;109,31;134,41;179,31
;349454719215;;;42;13.10.2025;Montag;Oktober;2025;2582,48;2,58;22,37;22,57;73,7;47,78;22,57;22,68;329,27;468,33;525,03;244,74;138,38;73,89;97,68;126,74;56,58;39,54;25,45;57,2;23,26;23,2;56,8;22,94;23,05;36,69
;349454719215;;;41;12.10.2025;Sonntag;Oktober;2025;820,26;0,82;56,82;22,44;70,01;17,16;55,05;22,33;22,77;48,05;22,63;22,52;57,45;15,25;22,57;55,56;22,72;22,45;15,47;55,37;22,51;22,1;55,76;21,02;16,15;54,83
;349454719215;;;41;11.10.2025;Samstag;Oktober;2025;790,4;0,79;17,82;58,58;67,3;22,2;22,55;55,65;22,92;22,51;47,29;22,16;22,36;54,51;22,48;20,95;49,55;22,49;22,6;22,78;55,84;22,36;20,8;49,74;22,7;22,26
;349454719215;;;41;10.10.2025;Freitag;Oktober;2025;1927,01;1,93;23,2;70,75;103,79;64,05;91,68;146,44;351,78;110,65;108,7;140,84;130,27;165,91;53,01;23,09;22,64;56,07;22,78;22,84;57,18;26,13;24,73;23,65;56,27;20,89
;349454719215;;;41;09.10.2025;Donnerstag;Oktober;2025;1688,04;1,69;23,4;57,03;66,34;23,28;57,25;18,38;90,98;224,76;159,18;162,33;103,5;106,21;100,87;75,29;46,01;121,29;23,66;23,63;23,2;55,94;23,24;23,08;55,75;23,44
;349454719215;;;41;08.10.2025;Mittwoch;Oktober;2025;2679,54;2,68;23,13;56,36;70,73;23,13;66,2;51,94;302,38;222,62;245,2;754,27;162,79;169,1;77,6;50,46;78,92;69,3;26,93;24,05;57,37;22,3;22,52;22,74;56,35;23,15
;349454719215;;;41;07.10.2025;Dienstag;Oktober;2025;3915,8;3,92;119,98;97,59;142,84;137,7;105,13;105,8;545,5;522,04;429,92;841,27;241,37;111,98;94,73;73,9;32,74;52,29;23,35;22,98;58,02;28,78;23,78;55,81;23,22;23,05
;349454719215;;;41;06.10.2025;Montag;Oktober;2025;4695,37;4,7;15,3;55,46;64,85;23,41;48,86;23,71;1541,46;712,6;129,42;125,85;180,1;568,3;561,07;142,21;103,48;103,01;24,22;54,25;18,88;22,58;55,74;24,84;38,64;57,13
;349454719215;;;40;05.10.2025;Sonntag;Oktober;2025;776,2;0,78;56,44;15,15;73,34;47,82;15,19;23,69;48,18;23,78;15,22;47,02;23,88;15,11;56,59;15,17;23,68;47,72;23,18;22,77;50,77;21,77;15,33;22,83;48,5;21,81
;349454719215;;;40;04.10.2025;Samstag;Oktober;2025;760,54;0,76;22,91;15,2;111,86;15,17;23,45;15,07;56,4;15,23;23,73;52,91;23,36;15,16;56,4;18,16;19,92;55,28;15,31;22,76;55,71;15,14;22,85;50,62;23;14,94
;349454719215;;;40;03.10.2025;Freitag;Oktober;2025;782,49;0,78;22,41;22,59;96,4;22,39;22,56;48,25;23,25;15,43;56,31;15,47;17,57;55,9;15,48;24,06;49,56;22,75;23,21;47,78;22,93;22,86;47,68;22,71;22,77;42,17
;349454719215;;;40;02.10.2025;Donnerstag;Oktober;2025;4573,4;4,57;140,19;209,39;326,13;395,86;408,74;416,14;849,78;605,07;314,14;147,98;115,86;101,64;114,39;37,01;43,57;44,71;75,48;22,91;22,64;55,59;22,59;22,43;22,52;58,64
;349454719215;;;40;01.10.2025;Mittwoch;Oktober;2025;2720,99;2,72;55,14;16,64;71,54;64,01;112,09;207,4;988,59;475,26;112,89;27,08;65,24;40,91;52,57;86,73;37,8;48,8;24,95;60,13;23,75;23,18;55,6;17,89;21,71;29,73
;349454719215;;;40;30.09.2025;Dienstag;September;2025;2445,06;2,44;56,12;22,83;72,97;54,82;21,52;16,44;410,21;510,98;145,85;122,66;157,94;128,09;73,28;134,21;157,36;105,22;23,59;55,3;24,23;23,93;23,49;56,72;23,57;23,73
;349454719215;;;40;29.09.2025;Montag;September;2025;1764,9;1,76;22,75;22,65;101,18;21,4;22,86;22,73;172,27;142,46;138,99;143,95;136,79;121,87;62,38;156,79;136,32;94,29;22,65;59,25;22,59;22,08;54,52;19,81;20,36;22,68
;349454719215;;;39;28.09.2025;Sonntag;September;2025;810,97;0,81;21,32;22,56;101,23;22,47;22,62;58,25;15,28;22,38;54,98;22,54;15,33;22,82;54,75;22,86;23,07;55,43;23,22;22,61;22,69;55,02;22,86;27,19;24,26;55,23
;349454719215;;;39;27.09.2025;Samstag;September;2025;782,27;0,78;22,9;22,78;100,83;16,59;22,53;55,87;16,05;22,77;55,34;15,24;23,14;23,07;51,15;22,96;22,85;54,95;15,52;22,69;22,73;55,1;23;22,65;54,64;16,92
;349454719215;;;39;26.09.2025;Freitag;September;2025;1432,76;1,43;22,76;15,67;101,58;22,9;22,92;48,99;106,68;114,79;111,33;141,08;112,55;103,88;151,26;19;21,31;57,18;23,36;23,16;23,36;58,37;23,23;18,46;20,31;57,88
;349454719215;;;39;25.09.2025;Donnerstag;September;2025;2795,68;2,8;22,86;54,74;64,9;22,93;55,3;96,02;1111,65;277,29;161,33;113,75;147,97;107,41;85,53;111,96;35,61;53,04;55,63;23,32;22,93;17,35;53,42;23,01;22,62;55,11
;349454719215;;;39;24.09.2025;Mittwoch;September;2025;817,47;0,82;55,21;23,1;63,19;54,31;23,37;15,66;57,79;18,33;49,56;26,04;16,51;59,88;16,42;24,6;23,65;57,27;21,15;16,77;56,24;22,88;22,77;22,79;50,15;19,83
;349454719215;;;39;23.09.2025;Dienstag;September;2025;793,13;0,79;17,52;55,15;69,15;22,75;48,73;23,04;16,3;56,88;17,4;25,21;50,13;24,56;16,98;23,93;57,94;24,27;23,72;56,41;23,31;22,94;55,74;15,96;22,62;22,49
;349454719215;;;39;22.09.2025;Montag;September;2025;1459,17;1,46;17,81;21,22;100,6;22,82;22,99;56,95;119,48;108,7;184,82;117,72;95,48;85,65;82,26;33,9;44,09;78,63;23,95;23,33;23,12;57,32;21;23,1;56,97;20,99
;349454719215;;;38;21.09.2025;Sonntag;September;2025;868,43;0,87;57,21;31,18;66,4;23,51;55,94;31,3;23,43;23,37;60,65;25,2;28,78;23,13;57,44;23,19;23,34;23,16;56,87;23,15;25,63;58,5;25,32;23,01;23,02;55,7
;349454719215;;;38;20.09.2025;Samstag;September;2025;847,6;0,85;56,75;23,4;66,14;28,44;57,35;23,14;23,16;23,02;55,17;23,42;23,18;55,33;23,5;31,5;23,8;59,68;30,35;25,52;23,96;32,13;59,1;23,84;31,98;23,74
;349454719215;;;38;19.09.2025;Freitag;September;2025;1540,28;1,54;22,94;55,52;67,27;22,8;56,73;23,15;119,76;117,89;148,08;112,34;109,79;173,37;144,15;24,5;25,18;33,09;58,73;30,99;25,77;22,49;31,97;57,06;23,98;31,43
;349454719215;;;38;18.09.2025;Donnerstag;September;2025;837,16;0,84;20,38;56,06;68,54;22,86;55,66;23,44;23,54;25,2;55,74;20,3;23,35;57,86;24,02;24,02;60,93;24,34;23,36;23,09;56,34;23,07;22,77;56,15;23,05;23,09
;349454719215;;;38;17.09.2025;Mittwoch;September;2025;1857,5;1,86;19,52;19,02;100,23;22,71;22,73;52,38;141,54;129,04;161,24;134,07;161,87;149,56;106,73;92,89;114,32;137,31;47,5;23,1;55,73;22,91;22,84;22,89;55,09;18,51
;349454719215;;;38;16.09.2025;Dienstag;September;2025;1787,64;1,79;25,75;57,45;71,18;20,81;54,43;20,33;127,35;152,22;104,38;111,91;157,97;132,12;102,57;121,5;122,35;121,35;54,58;23,28;23,05;22,98;56,38;22,97;22,65;56,74
;349454719215;;;38;15.09.2025;Montag;September;2025;1913,75;1,91;57,75;22,98;67,17;22,87;55,24;22,99;132,72;164,44;155,37;115,3;134,82;159,17;151,46;112,4;166,47;106,32;24,81;30,85;57,51;23,17;23,1;56,97;23,05;26,82
;349454719215;;;37;14.09.2025;Sonntag;September;2025;828,18;0,83;55,15;22,58;68,71;55,32;22,68;21,77;52,67;24,44;22,77;23,25;52,85;21,53;23,01;24,12;55,61;23,08;23,14;62,14;26,01;23,03;23;55,42;22,98;22,92
;349454719215;;;37;13.09.2025;Samstag;September;2025;803,19;0,8;51,29;20,76;67,42;56,2;22,88;23;47,91;22,79;22,93;56,97;15,59;22,83;22,38;56,91;20,84;17,92;60,18;22,88;23,08;22,95;56,92;22,91;22,82;22,83
;349454719215;;;37;12.09.2025;Freitag;September;2025;1410,89;1,41;57,47;23,02;66,66;22,89;55,42;22,82;117,76;133,36;104,09;126,31;138,37;104,16;74,13;23,57;57,7;23,22;23,49;56,77;23,39;26,32;27,11;57,08;22,96;22,82
;349454719215;;;37;11.09.2025;Donnerstag;September;2025;1878,75;1,88;31,11;30,97;107,18;23,5;23,55;55,94;109,18;106,69;157,08;124,9;104,29;180,58;75,82;143,16;193,61;107,5;24,34;28,83;58,17;23,28;23,1;56,81;22,99;31,43
;349454719215;;;37;10.09.2025;Mittwoch;September;2025;1823,96;1,82;23,44;55,72;71,58;22,95;22,95;55,09;120,95;128,46;148,25;106,12;145,81;155,23;129,19;35,93;68,87;113,26;126,9;31,79;32,09;63,18;31,23;35,08;68,83;31,06
;349454719215;;;37;09.09.2025;Dienstag;September;2025;873,26;0,87;23,46;57,07;71,14;28,98;58,22;23,74;25,75;25,37;58,16;24,96;25,67;57,35;24,55;23,04;24,63;58,13;24,57;29,17;25,23;56,71;23,08;23,1;56,56;23,22
;349454719215;;;37;08.09.2025;Montag;September;2025;1957,66;1,96;31,23;23,49;103,5;23,22;22,31;30,94;159,53;112,24;127,02;181,58;105,67;129,55;91;153,9;167,36;188,45;43,35;60,58;29,23;23,45;23,41;60,69;27,73;23,35
;349454719215;;;36;07.09.2025;Sonntag;September;2025;841,61;0,84;23,39;23,24;105,5;25,1;23,14;23,05;57,45;22,99;22,91;57,66;23,06;23,15;23,29;57,03;23,49;31,43;23,68;54,01;35,65;23,71;23,74;31,61;59,84;23,49
;349454719215;;;36;06.09.2025;Samstag;September;2025;837,65;0,84;23,04;25,25;66,4;56,98;23,11;22,83;58,54;22,89;22,87;22,95;56,74;23,11;23,3;23,34;57,29;28,25;26,51;23,49;60,31;28,54;23,51;23,41;65,86;23,32
;349454719215;;;36;05.09.2025;Freitag;September;2025;1711,73;1,71;61,77;62,5;72,48;57,5;23,45;23,93;138,18;217,84;147,13;108,9;120,73;220,89;64,1;24,74;24,83;67,66;23,75;24,14;32,2;59,13;23,73;31,64;23,41;57,1
;349454719215;;;36;04.09.2025;Donnerstag;September;2025;2404,81;2,4;23,65;57,36;71,05;29,74;23,56;58,82;120,55;123,41;110,6;144,2;157,16;170,24;148,82;199,56;168,28;156,49;115,29;70,61;61,95;97,31;68,21;62;66,6;99,35
;349454719215;;;36;03.09.2025;Mittwoch;September;2025;1878,92;1,88;23,41;23,53;103,2;29,72;24,73;24,09;144,26;144,47;128,91;163,79;139,43;149,33;98,1;122,61;147,71;129,75;32,62;24,04;55,87;26,82;29,02;23,86;57,69;31,96
;349454719215;;;36;02.09.2025;Dienstag;September;2025;1680,37;1,68;23,36;23,39;67,33;64,6;27,34;23,05;96,23;155,63;115,28;117,11;139,8;129,86;77,96;107,69;120,81;110,24;27,3;24,38;61,92;29,79;23,84;23,72;65,98;23,76
;349454719215;;;36;01.09.2025;Montag;September;2025;1598,62;1,6;23,5;56,54;68,6;30,75;23,38;57,24;191,66;113,82;146,61;118,49;109,02;81,26;77,56;62,86;58,56;69,12;59,13;24,23;28,68;27,2;57,3;23,59;31,22;58,3
;349454719215;;;35;31.08.2025;Sonntag;August;2025;832,87;0,83;25,54;23,25;67,93;56,31;23,21;23,03;58,46;24,88;24,64;24,35;56,34;23,23;23,35;56,61;23,41;23,73;23,5;60,73;30,09;23,4;23,49;58,75;31,02;23,62
;349454719215;;;35;30.08.2025;Samstag;August;2025;875,83;0,88;31,8;56,9;67,74;23,26;27,3;60,64;23,1;22,97;55,59;22,91;22,98;23,07;56,42;23,21;23,47;62,9;27,54;23,59;23,39;28,31;59,99;23,5;23,53;61,72
;349454719215;;;35;29.08.2025;Freitag;August;2025;1620,03;1,62;23,73;23,73;73,37;57,76;23,42;23,33;157,68;119,73;182,46;106,9;206,99;150,83;79,52;56,98;25,04;32,46;24,25;58,19;32,35;23,96;24,06;65,52;23,97;23,8
;349454719215;;;35;28.08.2025;Donnerstag;August;2025;1703,31;1,7;32,98;24,27;71,84;65,6;24,07;23,86;156,64;158,52;128,18;132,26;185,17;110,57;88,06;34,7;46,37;117,87;28,09;30,2;24,23;66,46;24,07;24,07;31,17;60,27
;349454719215;;;35;27.08.2025;Mittwoch;August;2025;1577,34;1,58;30,89;23,88;114,59;23,99;24,07;32,32;128,22;108,61;118,13;120,15;147,13;105,06;95,33;59,54;87,87;66,67;25,4;33,57;24,81;64,12;26,9;26,58;30,77;58,74
;349454719215;;;35;26.08.2025;Dienstag;August;2025;1815,61;1,82;26,79;60,49;67,12;22,78;22,92;56,13;170,22;137,52;150,63;128,1;195,2;172,2;66,17;94,56;79,02;69,39;29,31;63,29;28,18;29,24;28,43;28,72;62,96;26,24
;349454719215;;;35;25.08.2025;Montag;August;2025;827,43;0,83;22,98;22,82;65,87;22,75;55,69;22,84;23,2;56,28;25,72;23,09;58,68;24,07;24;24,04;60,48;24,87;24,09;27,44;61,26;23,32;23,26;31,05;56,36;23,27
;349454719215;;;34;24.08.2025;Sonntag;August;2025;857,35;0,86;23;56,85;67,29;23,31;56,3;22,87;22,8;56,42;15,64;22,65;22,78;55,99;22,85;23;23,08;59,01;26,93;26,5;23,17;60,6;23,19;26,82;26,72;69,58
;349454719215;;;34;23.08.2025;Samstag;August;2025;840,97;0,84;57,06;23,1;69,12;22,96;56,09;22,86;22,94;56,83;22,82;22,66;56,24;22,85;23,11;23,03;56,76;23,19;23,12;23,18;62,11;25,95;23,13;23,02;55,88;22,96
;349454719215;;;34;22.08.2025;Freitag;August;2025;1567,88;1,57;23,46;23,38;101,63;24,78;28,65;58,52;115,34;106,95;118,44;174,55;198,31;158,02;67,58;60,79;24,14;23,23;23,37;59,55;27,31;20,61;57,23;23,15;23,18;23,1
;349454719215;;;34;21.08.2025;Donnerstag;August;2025;1340,04;1,34;27,15;28,06;99,97;23,25;24,82;29,5;138;111,61;104,76;55,25;104,55;63,75;43,92;46,83;99,25;53,91;24,73;32,56;57,25;30,08;26,24;23,76;62,82;28,02
;349454719215;;;34;20.08.2025;Mittwoch;August;2025;1634,42;1,63;40,59;31,66;114,32;24,77;23,82;26,94;185,93;141,96;105,48;60,77;96,05;118,01;103,08;85,19;112,03;71,38;32,67;24,93;57,99;32,59;24,01;27,89;61,99;23,94
;349454719215;;;34;19.08.2025;Dienstag;August;2025;1527,11;1,53;26,7;56,24;66,04;30,42;55,83;22,65;135,16;118,35;147,29;38,86;109,02;33,62;45,06;85,1;114,17;66,9;53,25;32,99;77,72;32,68;41,66;33,51;73,28;30,61
;349454719215;;;34;18.08.2025;Montag;August;2025;886,08;0,89;22,4;62,49;65,6;22,21;22,34;55,61;24,44;21,35;56,78;23,62;23,69;23,65;56,54;33,58;51,35;42,71;58,37;23,42;31,3;23,32;24,94;63,08;23,15;27,57
;349454719215;;;33;17.08.2025;Sonntag;August;2025;804,71;0,81;22,99;30,45;65,15;55,95;22,46;22,23;21,06;57,39;22,2;22,19;55,6;22,22;22,1;25,19;59,71;22,41;22,54;22,5;56,33;21,51;29,99;22,57;55,2;22,3
;349454719215;;;33;16.08.2025;Samstag;August;2025;887,16;0,89;33,58;24,06;108,52;23,82;32,5;23,64;31,9;56,15;23,36;31,59;23,13;56,68;29,24;25,22;23,41;58,93;29,86;23,58;29,27;63,99;23,48;30,74;23,89;56,62
;349454719215;;;33;15.08.2025;Freitag;August;2025;937,7;0,94;35,23;24,98;108,75;27,84;29,8;31,59;63,3;29,29;29,1;24,72;33,57;61,75;34,31;25,28;35,18;25,7;34,38;68,68;25,87;35,2;30,17;29,56;69,04;24,41
;349454719215;;;33;14.08.2025;Donnerstag;August;2025;970,48;0,97;25,68;63,97;80,47;24,6;33,83;60,11;41,2;25,34;34,13;25,39;76,12;25,61;35,12;25,93;35,55;61,21;36,56;29,77;32,17;32,07;25,7;70,23;33;28,17
;349454719215;;;33;13.08.2025;Mittwoch;August;2025;939,44;0,94;29,98;60,89;75,62;26,5;27;63,57;30,9;34,18;24,69;58,62;33,24;24,69;27,72;31,65;63;32,48;35,65;26,89;37,02;28,05;68,15;36,82;25,92;36,21
;349454719215;;;33;12.08.2025;Dienstag;August;2025;1836,47;1,84;24,4;55,7;85,53;32,13;23,71;25,12;174,13;156,39;134,36;168,33;153,6;139,3;61,94;125,47;40,25;158,26;32,94;33,39;26,75;34,38;57,81;34,15;25,59;32,84
;349454719215;;;33;11.08.2025;Montag;August;2025;1768,9;1,77;65,7;23,34;70,41;61,13;26,02;23,3;190,94;139,57;108,37;102,67;157,13;141,08;143,41;75,82;54,26;72,83;59,49;34,13;24,84;34,09;24,59;67,61;25,56;32,14
;349454719215;;;32;10.08.2025;Sonntag;August;2025;832,22;0,83;23,79;28,48;71,45;57,53;23,03;30,37;55,68;22,63;22,63;22,62;56,36;29,43;24,62;23,34;27,5;60,63;24,02;32,89;24,19;67,1;24,01;29,11;27,17;23,64
;349454719215;;;32;09.08.2025;Samstag;August;2025;873,23;0,87;23,29;66,07;64,86;23,11;28,24;58,98;22,79;22,64;22,73;60,65;25,24;22,87;23,23;59,46;27,88;23,87;32,81;24,18;66,56;24,85;29,39;27,96;59,17;32,4
;349454719215;;;32;08.08.2025;Freitag;August;2025;1504,06;1,5;23,53;31,4;70,17;58,42;30,8;24,08;126,02;167,77;111,37;105,57;121,24;159,66;99,53;23,91;32,34;24,02;66,24;24,1;29,89;26,61;27,82;64,43;25,07;30,07
;349454719215;;;32;07.08.2025;Donnerstag;August;2025;2111,7;2,11;30,76;23,06;98,79;22,97;23,09;24,67;159,26;157,16;132,95;186,28;185,1;155,24;107,5;219,12;176,7;110,35;33,4;24,41;66,6;24,17;31,68;24,95;27,38;66,11
;349454719215;;;32;06.08.2025;Mittwoch;August;2025;1772,67;1,77;23,25;23,12;67,81;55,15;23,2;23,03;158,09;109,33;105,13;109,97;137,32;105,57;105,17;161,79;182,09;110,41;24,27;28,36;61,75;23,48;27,43;27,03;56,55;23,37
;349454719215;;;32;05.08.2025;Dienstag;August;2025;1397,68;1,4;23,31;23,26;70,34;61,66;22,95;24,41;114,91;139,46;96,42;43,91;54,8;180,73;97,34;40,03;39,58;80,71;31,71;26,58;24,41;32,05;57,33;23,52;23,56;64,7
;349454719215;;;32;04.08.2025;Montag;August;2025;1378,41;1,38;23,17;29,63;104,13;22,51;22,64;23,91;165,44;120,84;117,53;140,4;153,89;24,29;25,77;31,01;46,89;44,38;25,08;24,78;31,64;56,53;31,71;23,96;23,63;64,65
;349454719215;;;31;03.08.2025;Sonntag;August;2025;840,83;0,84;55,87;22,76;74,54;25,26;55,69;21,91;22,43;55,27;19,85;19,05;21,02;59,26;22,55;22,46;25,03;62,19;22,91;22,87;22,91;55,49;29,92;23,32;22,81;55,46
;349454719215;;;31;02.08.2025;Samstag;August;2025;800,32;0,8;22,71;22,55;102,81;25,78;23,89;22,35;55,81;22,42;22,46;54,51;22,46;22,48;22,61;56,7;22,69;22,68;22,82;55,19;22,79;30,31;56,4;22,66;22,64;22,6
;349454719215;;;31;01.08.2025;Freitag;August;2025;1435,87;1,44;22,95;22,9;105,06;22,56;22,7;24,07;124,07;104,85;127,82;109,88;161,42;127,23;87,23;23,74;59,08;23,13;31,38;22,98;57,44;22,93;30,59;22,74;56,81;22,31
;349454719215;;;31;31.07.2025;Donnerstag;Juli;2025;1768,72;1,77;22,78;22,76;69,8;56,07;22,62;22,69;100,69;158,18;116,39;116,53;139,99;107,39;103,38;113,44;154,21;149,67;36,11;23,55;25,13;62,74;23,17;23,2;30,99;56,34
;349454719215;;;31;30.07.2025;Mittwoch;Juli;2025;1739,61;1,74;59,79;27,74;67,35;22,43;56,16;24,6;109,26;125,12;129,34;121,33;127,47;152,78;63,5;118,23;129,34;137,92;23,79;23,3;30,8;56,39;22,85;22,96;25,61;61,55
;349454719215;;;31;29.07.2025;Dienstag;Juli;2025;1684,32;1,68;57,55;29,99;64,88;21,92;54,65;22,62;122,02;121,44;157,46;110,75;147,86;227,56;83,78;64,27;72,9;52,73;62,75;28,29;21,76;23,14;64,85;24,11;22,86;22,9
;349454719215;;;31;28.07.2025;Montag;Juli;2025;1801,22;1,8;57,54;22,8;68,72;25,64;62,01;23,44;65,67;150,84;103,79;104,52;103,77;205,08;143,2;116,09;110,76;156,79;70,66;23,2;31,21;22,99;56,85;30,5;22,65;22,5
;349454719215;;;30;27.07.2025;Sonntag;Juli;2025;827,48;0,83;32,39;23,76;64,18;68,48;23,61;23,45;31,3;56,66;23,19;23,48;30,55;57,22;23,18;23,07;24,34;30,2;55,84;23,25;24,7;29,99;57,49;23,21;27,28;26,66
;349454719215;;;30;26.07.2025;Samstag;Juli;2025;874,42;0,87;37,81;31,78;105,46;23;23,07;24,94;60,3;24,15;22,55;55,5;23,03;23,06;23,39;23,47;62,14;26,77;24,26;31,32;57,52;26,57;30,5;24,01;32,7;57,12
;349454719215;;;30;25.07.2025;Freitag;Juli;2025;1658,65;1,66;55,91;23,56;75,58;23,31;56,95;27,71;124,39;115,5;157,9;115,16;106,55;156,87;124,25;74,26;33,84;32,42;35,84;81,73;32,14;32,44;40,15;31,89;65,81;34,49
;349454719215;;;30;24.07.2025;Donnerstag;Juli;2025;1547,87;1,55;23,22;23,13;74,19;56,16;21,33;22,95;92,02;172,52;127,96;112,42;104,32;138,13;99,79;49,5;43,19;121,53;37,77;24,02;32,39;24,44;62,25;28,61;23,69;32,34
;349454719215;;;30;23.07.2025;Mittwoch;Juli;2025;1517,71;1,52;22,97;22,79;75,38;58,1;22,64;22,34;139,81;130,04;104,18;104,7;159,57;116,66;110,24;33,76;74,65;37,39;28,17;29,05;23,67;62,63;25,48;23,37;29,44;60,68
;349454719215;;;30;22.07.2025;Dienstag;Juli;2025;1569,83;1,57;23,9;31,09;69,51;56,47;22,61;31,33;110,73;150,67;116,84;131,6;108,4;169,33;101,93;71,26;37,01;74,87;27,34;23,55;22,77;55,98;29,11;24,61;22,79;56,13
;349454719215;;;30;21.07.2025;Montag;Juli;2025;1695,1;1,7;32,36;57,2;74,18;23,87;23,22;31,41;130,23;173,19;126,13;158,22;137,47;157,15;80,59;52,96;104,17;45,27;34,26;24,32;24,26;66,88;24,22;25,24;30,76;57,54
;349454719215;;;29;20.07.2025;Sonntag;Juli;2025;864,84;0,86;26,51;28,88;103,66;30,97;23,13;31,3;22,97;64,66;25,97;22,74;31,36;57,01;23,17;32,04;23,75;30,17;59,4;27,53;29,33;27,37;29,59;59,99;29,84;23,5
;349454719215;;;29;19.07.2025;Samstag;Juli;2025;862,23;0,86;56,79;30,37;69,82;22,25;56,46;28,1;22,03;22,03;55,34;22,08;29,33;22,63;57,73;22,64;31,23;23,24;26,84;62,11;24,56;31,05;25,75;29,8;61,39;28,66
;349454719215;;;29;18.07.2025;Freitag;Juli;2025;1784,46;1,78;86,39;53,53;64,1;64,8;93,74;61,1;175,74;163,01;128,22;124,88;112,81;241,97;69,58;24,27;23,21;22,76;63,98;22,95;23,39;31,22;56,4;22,81;30,89;22,71
;349454719215;;;29;17.07.2025;Donnerstag;Juli;2025;2001,16;2;29,82;55,59;66,02;21,91;43,89;33,29;138,23;141,35;258,33;165,1;78,2;112,79;119,22;52,4;71,89;84,21;86,39;53,92;53,96;61,9;86,31;54;58,06;57,6
;349454719215;;;29;16.07.2025;Mittwoch;Juli;2025;1231,81;1,23;22,93;22,74;103,64;28,01;24,77;22,99;137,37;118,58;98,73;87,99;72,74;38,7;37,07;80,57;39,19;34,63;26,05;56,27;24,27;29,54;22,71;56,33;22,77;23,22
;349454719215;;;29;15.07.2025;Dienstag;Juli;2025;1998,2;2;24,2;66,16;65,32;29,51;25,73;56,75;117,98;142,63;131,6;149,21;119,21;105,51;187,28;219,27;161,17;116,16;23,91;63,55;25,47;23,23;31,56;58,43;23,11;31,25
;349454719215;;;29;14.07.2025;Montag;Juli;2025;1303;1,3;26,7;21,66;98,16;28,01;24,14;58,47;61,5;102,92;65,78;53,49;90,17;58,65;84,5;72,49;82,86;73,58;31,96;60,92;30,66;27,57;31,45;60,39;29,77;27,2
;349454719215;;;28;13.07.2025;Sonntag;Juli;2025;828,5;0,83;30,8;22,59;91,11;24;28,86;55,59;22,14;22,04;26,59;59,91;22,2;22,22;22,64;61,13;24,92;22,46;22,84;30,98;55,65;22,77;30,71;22,87;56,91;26,57
;349454719215;;;28;12.07.2025;Samstag;Juli;2025;866,77;0,87;34,89;65,84;79,37;26,12;22,38;55,74;27,02;24,91;22,29;56,07;21,1;21,21;29,36;57,11;22,92;29,01;25,25;56,22;31,01;22,93;22,82;30,77;55,91;22,68
;349454719215;;;28;11.07.2025;Freitag;Juli;2025;1173,57;1,17;25,19;60,93;66,66;22,19;22,27;64,26;51,01;51,83;47,57;74,31;78,55;64,57;77,13;39,93;34,38;32,59;40,76;67,09;37,47;36,05;32,06;77,01;31,64;38,12
;349454719215;;;28;10.07.2025;Donnerstag;Juli;2025;1208,89;1,21;39,03;31,04;71,84;61,65;24,69;23,79;79,77;65,17;64,26;66,61;102,13;43,2;77,08;44,89;51,03;101,09;17,26;23,62;60,09;21,8;23,04;30,96;55,61;22,7
;349454719215;;;28;09.07.2025;Mittwoch;Juli;2025;1429,32;1,43;56,83;21,96;70,03;55,21;21,83;23,96;108,1;87;38,17;50,36;143,72;102,41;76,64;43,98;88,1;86,38;42,52;38,44;32,54;74,32;31,26;39,39;31,28;64,89
;349454719215;;;28;08.07.2025;Dienstag;Juli;2025;1332,52;1,33;22,21;57,13;70,98;22,65;54,33;21,42;92,12;107,03;93,53;41,02;142,74;55,9;72,34;64,66;83,15;67,36;58,97;22,81;22,58;30,13;56,17;22,35;22,3;28,64
;349454719215;;;28;07.07.2025;Montag;Juli;2025;1332,17;1,33;25,11;20,71;20,6;53,9;20,65;21,64;158,54;141,53;117,49;147,11;90,44;46,29;41,47;72,25;75,37;23,81;23,54;21,68;59,1;26,81;22,42;22,34;55,92;22,16
;349454719215;;;27;06.07.2025;Sonntag;Juli;2025;788,93;0,79;62,17;21,19;21;21,41;61,88;20,78;20,69;20,68;58,37;24,47;20,78;20,83;55,06;29,07;21,4;21,31;62,35;21,2;21,17;25,85;57,3;20,74;20,72;58,51
;349454719215;;;27;05.07.2025;Samstag;Juli;2025;724,67;0,72;21,49;24,27;25,9;21,18;54,99;28,4;20,74;20,68;54,5;25,71;23,44;20,8;56,75;20,93;28,92;21,25;55,68;23,76;26,94;21,36;54,93;29,45;21,33;21,27
;349454719215;;;27;04.07.2025;Freitag;Juli;2025;1087,7;1,09;32,17;31,13;111,86;24,62;22,97;24,15;68,84;52,34;55,56;51,25;77,61;103,13;37,86;21,94;61,04;26,88;21,89;30,56;22,05;64,13;21,76;30,35;21,67;71,94
;349454719215;;;27;03.07.2025;Donnerstag;Juli;2025;1225,96;1,23;32,12;60,1;75,11;23,66;30,55;60,43;53,93;50,62;33,81;75,13;38,65;81,2;57,9;69,15;70,51;48,48;42,62;33,2;76,03;32,89;38,89;34,26;66,31;40,41
;349454719215;;;27;02.07.2025;Mittwoch;Juli;2025;2641,48;2,64;25,93;67,58;76,6;26,72;33,4;59,04;34,95;172,21;275,2;257,68;384,35;344,4;372,84;120,82;26,21;71,31;32,57;30,95;37,11;30,82;66,06;35,54;25,38;33,81
;349454719215;;;27;01.07.2025;Dienstag;Juli;2025;2306,08;2,31;23,43;31,86;101,04;25,68;28,51;22,74;146,16;46,19;40,07;70,91;39,02;42,85;125,51;627,43;382,67;262,3;33,78;25,31;35,21;61,81;35,24;32,99;27,63;35,12
;349454719215;;;27;30.06.2025;Montag;Juni;2025;1392,55;1,39;23,04;26,82;105,95;22,39;28,1;26,06;152,15;49,26;56,47;68,17;33,46;86,79;159,29;118,41;55,03;88,16;27,81;29,9;61,31;29,43;26,75;29,38;58,3;30,12
;349454719215;;;26;29.06.2025;Sonntag;Juni;2025;890,35;0,89;55,44;30,87;69,67;30,54;55,78;22,36;30,24;22,07;56,94;30;22,53;25,88;62,01;22,89;31,48;23,21;32,14;58,61;31,34;29,24;26,97;31,87;57,01;31,26
;349454719215;;;26;28.06.2025;Samstag;Juni;2025;803,59;0,8;21,76;22;76,57;52,9;21,83;21,67;21,35;56,48;21,18;21,78;21,79;62,62;22,47;22,49;30,89;55,85;25,38;28,62;23,05;64,86;23,09;31,09;23;30,87
;349454719215;;;26;27.06.2025;Freitag;Juni;2025;1483,71;1,48;56,92;30,71;69,73;22,86;60,28;25,47;177,57;210,14;264,74;40,36;42,08;47,15;71,91;20,87;22,88;22,48;59,42;26,5;22,15;54,75;22,06;29,51;22,05;57,11
;349454719215;;;26;26.06.2025;Donnerstag;Juni;2025;1176,71;1,18;56,86;24,79;73,36;23,14;56,48;31,45;65,92;91,87;49,23;54,64;47,83;103,42;66,77;45,78;66,78;43,11;58,26;23,75;30,9;24,25;59,69;26,43;27,86;22,89
;349454719215;;;26;25.06.2025;Mittwoch;Juni;2025;1193,78;1,19;59,44;30,13;70,68;22,4;53,44;25,35;43,94;71,02;71,07;74,96;56,74;47,96;34,79;105,19;87,02;44,84;70,83;24,97;26,04;29,99;55,71;31,96;23,54;31,77
;349454719215;;;26;24.06.2025;Dienstag;Juni;2025;1027,69;1,03;22,83;55,16;66,8;28,75;22,43;59,85;57,05;54,82;43,5;72,68;40,48;38,53;66,65;76,96;34,08;24,48;63,95;23,25;22,74;22,62;62,57;22,51;22,43;22,57
;349454719215;;;26;23.06.2025;Montag;Juni;2025;1167,22;1,17;33,16;57,31;75,65;23,47;29,94;65,77;68,19;41,62;60,53;88,9;44,91;42,19;43,79;67,33;114,95;40,13;24,64;24,3;62,93;23,43;23,21;59,65;28,39;22,83
;349454719215;;;25;22.06.2025;Sonntag;Juni;2025;900,68;0,9;24,63;65,34;66,85;31,39;23,15;62,05;28,51;22,91;28,09;25,53;56,97;31,8;23,79;33,02;28,25;63,92;34,95;25,14;35,52;35,42;25,13;69,97;30,92;27,43
;349454719215;;;25;21.06.2025;Samstag;Juni;2025;885,3;0,89;56,14;30,02;67,55;22,52;62,47;23,27;22,24;55,55;22,33;27,65;22,32;58,18;28,84;28,13;23,71;32,52;59,38;31,1;31,35;25,36;32,66;58,15;31,74;29,61
;349454719215;;;25;20.06.2025;Freitag;Juni;2025;1172,85;1,17;102,13;68,36;68;25,66;58,01;24,18;75,9;46,15;100,78;44,42;48,18;102,23;35,18;31,67;24,16;31,49;59,21;24,55;29,28;23,47;65,31;23,15;31,33;22,99
;349454719215;;;25;19.06.2025;Donnerstag;Juni;2025;1576;1,58;22,24;22,07;72,9;55,46;20,88;32,65;106,15;88,67;50,01;39,99;72,31;48,1;37,42;57,58;117,49;87,26;73,51;108,49;68,97;70,47;74,66;102,99;72,33;73,4
;349454719215;;;25;18.06.2025;Mittwoch;Juni;2025;891,88;0,89;30,61;56,74;68,2;27,26;22,08;60,27;29,1;22,69;23,15;58,42;30,34;23,91;24,1;68,02;25,5;33,72;24,58;32,36;57,66;31,79;22,79;31,17;22,5;64,92
;349454719215;;;25;17.06.2025;Dienstag;Juni;2025;861,05;0,86;29,42;54,38;65,01;20,78;24,97;56,74;35,03;29,49;55,36;22,43;22,65;22,75;64,49;23,74;23,6;32,89;58,6;25,9;29,07;23,1;31,24;55,88;31,05;22,48
;349454719215;;;25;16.06.2025;Montag;Juni;2025;880,21;0,88;21,92;55,3;75,13;22,85;21,47;55,77;23,78;22,59;22,59;62,26;24,55;23,3;23,15;57,57;80,61;24,15;23,04;62,13;25,93;22,18;25,21;61,76;21,51;21,46
;349454719215;;;24;15.06.2025;Sonntag;Juni;2025;840,15;0,84;32,48;30,35;68,27;32,08;57,61;31,38;22,57;29,01;57,43;22,02;30,49;22,1;56,93;30,2;22,19;22,23;27,97;59,28;22,18;26,94;26,06;57,76;25,29;27,33
;349454719215;;;24;14.06.2025;Samstag;Juni;2025;892,9;0,89;57,83;28,91;67,24;30,64;55,64;22,08;30,31;22;56,03;25,96;26,64;22,31;27,88;60,28;23,33;33;24,69;31,98;65,3;29,13;34,14;24,03;33,97;58,38
;349454719215;;;24;13.06.2025;Freitag;Juni;2025;812,54;0,81;28,8;21,25;98,21;24,47;25,23;20,83;57,78;22,11;22,4;28,62;56,61;22,7;22,24;29,46;58,32;22,89;30,24;22,79;31,42;56,64;31,5;22,81;30,3;23,72
;349454719215;;;24;12.06.2025;Donnerstag;Juni;2025;825,62;0,83;53,9;20,84;69,38;53,82;20,57;20,52;56,69;22,91;22,33;22,71;20,91;22,62;22,67;22,86;57,43;22,47;22,88;29,43;57,5;21,93;25,42;25,64;54,8;21,55
;349454719215;;;24;11.06.2025;Mittwoch;Juni;2025;981,16;0,98;18,6;21,16;104,54;20,92;21,13;47,77;22,62;214,96;39,48;55,21;16,19;22,37;55,17;22,62;22,82;23,59;56,52;21,8;21,35;21,74;54,3;21,12;28,24;20,93
;349454719215;;;24;10.06.2025;Dienstag;Juni;2025;804,04;0,8;20,05;20,08;100,65;20,35;20,36;55,73;22,22;30,12;23,98;58,45;28,68;22,72;22,32;53,23;18,32;22,34;55,19;21,32;21,43;54,44;20,89;20,23;20,93;50,01
;349454719215;;;24;09.06.2025;Montag;Juni;2025;776,82;0,78;52,82;20,07;68,29;49,88;20,77;13,06;54,81;14,92;19,31;53,74;13,45;20,76;53,45;21,11;16,68;19,12;54,09;20,8;21,04;53,85;20,78;20,57;20,42;53,03
;349454719215;;;23;08.06.2025;Sonntag;Juni;2025;739,37;0,74;20,2;53,45;69,33;15,33;55,56;20,26;20,23;53,97;13,27;20,27;20,49;53,41;13,33;20,78;53,44;20,86;20,53;51,66;15,4;20,56;20,1;53,3;20,38;13,26
;349454719215;;;23;07.06.2025;Samstag;Juni;2025;761,01;0,76;20,06;52,61;65,33;20,29;53,31;20,31;20,28;55,44;20,25;20,21;20,25;52;15,52;20,14;53,3;19,11;20,39;20,06;54,92;20,37;20,05;55,11;20,25;20,31
;349454719215;;;23;06.06.2025;Freitag;Juni;2025;807,6;0,81;53,57;20,74;65,47;53,37;20,79;19,42;24,63;54,46;23,81;21,63;55,09;22,27;26,97;38,98;42,55;21,03;21,25;21,17;55,26;21,68;23,96;56,99;21,68;20,83
;349454719215;;;23;05.06.2025;Donnerstag;Juni;2025;776,87;0,78;20,91;21,1;68,47;53,12;20,72;20,63;59,28;23,05;23,7;58,2;22,13;22,38;22,04;55,04;22,28;22,72;21,93;54,73;20,79;21,18;58,23;23,24;20,74;20,26
;349454719215;;;23;04.06.2025;Mittwoch;Juni;2025;839,14;0,84;23,79;54,33;66,68;21,57;62,55;22,25;22,61;22,41;54,46;22,14;22,35;22,64;59,69;26,26;22,9;56,63;21,97;22,09;28,96;55,68;21,5;21,21;22,31;61,14
;349454719215;;;23;03.06.2025;Dienstag;Juni;2025;795,8;0,8;21,24;20,99;66,01;53,62;20,88;20,77;55,96;27,61;14,03;55,79;23,34;22,69;22,57;56,53;22,67;30;23,6;56,45;22,01;25,59;25,68;54,97;21,76;27,86
;349454719215;;;23;02.06.2025;Montag;Juni;2025;834,31;0,83;28,91;21,96;104,28;21,93;21,68;54,61;22,27;24,73;22,27;54,86;24,29;25,49;56,81;22,78;22,88;23,45;55,9;22,03;22,71;28,13;54,94;21,21;21,46;54,73
;349454719215;;;22;01.06.2025;Sonntag;Juni;2025;839,37;0,84;29,67;23,57;100,04;28,01;24,59;22,04;55,59;29,38;22,06;21,95;54,71;29,69;22,14;22,34;64,13;22,81;22,76;29,61;57,8;22,74;29,1;24,66;56,78;23,2
;349454719215;;;22;31.05.2025;Samstag;Mai;2025;833,95;0,83;24,45;27,11;101,42;21,9;21,75;28,81;53,66;21,56;21,63;54,49;21,72;26,78;24,63;54,94;24,5;28,34;22,64;27;58,72;26,23;26,74;22,58;64,27;22,74
;349454719215;;;22;30.05.2025;Freitag;Mai;2025;788,25;0,79;21,41;21,47;67,13;54,74;21,45;21,38;54,42;21,33;21,54;19,9;53,06;23,03;24,12;55,91;22,1;22,06;22,1;58,24;26,2;22,48;21,82;68,27;22,19;21,9
;349454719215;;;22;29.05.2025;Donnerstag;Mai;2025;807,97;0,81;54,62;21,58;69,9;20,95;53,83;13,81;21,26;54,58;21,67;18,28;50,85;21,46;21,63;54,22;21,48;21,04;34,24;41,63;18,95;16,98;57,72;21,58;21,02;54,69
;349454719215;;;22;28.05.2025;Mittwoch;Mai;2025;1981,42;1,98;18,79;21,78;100,53;22,21;22,6;54,87;174,18;211,13;134,65;171,57;121,26;146,73;46,76;192,9;106,59;190,08;23,23;22,77;50,32;21,79;25,25;58,26;21,41;21,76
;349454719215;;;22;27.05.2025;Dienstag;Mai;2025;1954,12;1,95;21,96;22,27;102,99;21,87;22,12;88,03;166,27;104,61;113,36;140;122,04;180,86;150,93;152,06;144,25;100,57;59,47;22,87;25,71;61,57;23,02;22,2;21,96;52,76
;349454719215;;;22;26.05.2025;Montag;Mai;2025;2134,81;2,13;20,58;54,03;20,2;12,64;48,52;20,39;134,26;248,03;153,38;196,77;187,98;171,37;166,59;123,44;169,47;118,2;50,97;23,03;22,6;58,04;28,12;22,56;55,95;22,27
;349454719215;;;21;25.05.2025;Sonntag;Mai;2025;718,83;0,72;20,31;20,04;52,86;19,95;13,72;53,17;20,3;19,24;53,9;14,97;19,45;59,39;20,3;20,74;20,7;53,69;20,76;19,57;54,17;20,73;20,9;20,84;55,81;20,7
;349454719215;;;21;24.05.2025;Samstag;Mai;2025;828,67;0,83;19,95;53,36;19,9;13,06;53,26;20,02;13,05;53,68;11,74;20,68;161,66;13,79;21,04;53,71;20,68;20,73;53,33;20,64;20,6;51,39;17,09;19,91;20,55;53,76
;349454719215;;;21;23.05.2025;Freitag;Mai;2025;1490,99;1,49;24,26;15,08;113,96;15;25,57;15,1;155,17;122,78;119,67;145,46;158,23;139,09;120,47;21,07;21,39;54,41;21,24;20,97;20,62;53,83;19,87;17,76;49,96;20,03
;349454719215;;;21;22.05.2025;Donnerstag;Mai;2025;1407,78;1,41;58,76;24,17;72,22;24,16;50,88;22,48;126,12;137,12;133,78;126,34;48,73;61,45;34,23;107,08;57,94;47,04;57,8;25,1;21,29;18,33;57,67;24,03;20,85;50,21
;349454719215;;;21;21.05.2025;Mittwoch;Mai;2025;1532,28;1,53;28,14;60,2;68,16;20,37;20,38;57,75;98,83;103,78;196,07;141,87;117,04;110,61;85,86;35,26;55,02;61,74;60;25,26;25,24;24,93;58,48;24,77;23,97;24,42
;349454719215;;;21;20.05.2025;Dienstag;Mai;2025;1431,1;1,43;24,5;24;103,34;23,7;23,65;57,44;107,58;204,1;109,47;92,68;51,61;78,34;49,85;59,57;67,69;59,32;27,89;67,09;29,9;26,51;26,06;60,54;25,58;30,69
;349454719215;;;21;19.05.2025;Montag;Mai;2025;2027,24;2,03;24,8;15,02;104,49;22,54;21,93;14,95;178,07;103,06;134,59;153,61;138,41;153,34;168,97;118,05;274,98;130,2;28,45;25,71;42,73;39,42;24,97;24,82;59,79;24,34
;349454719215;;;20;18.05.2025;Sonntag;Mai;2025;803,48;0,8;25,08;15,02;107,65;25,09;15,01;57,61;15,06;25,54;14,82;59,71;15,06;25,3;58,31;15;25,24;25,25;58;15,34;24,65;25,09;57,76;15,09;18,41;57,66
;349454719215;;;20;17.05.2025;Samstag;Mai;2025;813,15;0,81;20,69;52,03;69,69;25,08;49,14;25,18;15,06;25,91;48,19;24,77;15,06;59,25;25,42;18,38;22,04;59,11;25,31;25,23;25,48;59,12;16,13;24,12;25,18;57,58
;349454719215;;;20;16.05.2025;Freitag;Mai;2025;1948,6;1,95;31,25;31,48;73,87;55,84;22,51;61,34;199,68;151,66;138,48;169,96;186,35;318,71;128,21;25,36;57,62;25,62;26,54;25,3;60,68;25,15;24,01;24,92;57,85;24,96
;349454719215;;;20;15.05.2025;Donnerstag;Mai;2025;2105,8;2,11;63,52;30,5;81;23,01;55,23;22,76;201,94;244,58;212,07;190,92;133,6;127,72;146,89;116,59;51,25;34,23;67,12;37,73;32,45;29,67;65,47;37,79;31,33;66,38
;349454719215;;;20;14.05.2025;Mittwoch;Mai;2025;2267,76;2,27;31,94;64,1;74,83;23,28;61,39;22,69;131,49;158,36;156,7;314,72;220,58;164,86;174,3;120,48;105,22;97,98;42,09;64,8;37,08;35,1;31,68;67,91;35,86;30,32
;349454719215;;;20;13.05.2025;Dienstag;Mai;2025;2469,8;2,47;65,69;34,01;80,57;23,36;56,8;22,86;140,76;198,68;187,22;490,67;233,38;209,8;155,28;75,37;65,04;86,53;32,42;38,96;63,99;32,58;38,91;62,25;31,62;40,99
;349454719215;;;20;12.05.2025;Montag;Mai;2025;1984,62;1,99;22,57;22,69;110,3;20,97;22,51;56,57;126,95;118,25;104,57;152,79;133,39;118,38;161,72;106,01;299,6;63,16;33,93;71;33,04;32,98;39,68;31,79;32,77;25,21
;349454719215;;;19;11.05.2025;Sonntag;Mai;2025;815,69;0,82;22,09;29,22;70,77;54,76;21,91;21,71;55,25;21,78;21,74;22;55,98;22,36;22,76;22,54;55,67;22,86;30,34;23,02;55,8;29,84;23,37;22,94;61,07;24,61
;349454719215;;;19;10.05.2025;Samstag;Mai;2025;817,1;0,82;22,12;21,76;96,11;21,62;21,91;55,89;21,45;21,78;52,99;17,01;22,26;22,72;56,35;23,1;22,51;22,79;62,18;23,55;22,7;22,59;60,7;23,61;22,62;55,48
;349454719215;;;19;09.05.2025;Freitag;Mai;2025;1635,74;1,64;21,93;57,67;70,99;21,55;55,98;26,64;145,89;135,79;156,6;141,07;115,32;212,92;100,5;23,51;23,6;56,44;30,18;22,9;22,72;63,53;22,98;22,25;55,94;28,84
;349454719215;;;19;08.05.2025;Donnerstag;Mai;2025;2202,08;2,2;22,03;55,34;71,4;21,91;58,95;21,92;144,08;101,45;175,74;448,22;118,72;140,6;83,98;139,66;162,51;176,1;30,67;22,85;54,66;21,42;29,39;22,29;55,2;21,68
;349454719215;;;19;07.05.2025;Mittwoch;Mai;2025;2215,58;2,22;20,08;52,4;15,72;17,62;76,72;107,44;179,98;213,21;224,16;319,82;128,01;211,3;141,48;65,3;138,87;43,62;24,03;23,81;57,62;29,74;23,22;22,92;56,07;22,44
;349454719215;;;19;06.05.2025;Dienstag;Mai;2025;2623,87;2,62;56,72;20,95;72,6;48,1;22,31;22,28;375,75;315,09;274,88;275,06;163,16;172,3;170,83;163,23;129,85;89,42;20,57;20,93;23,01;59,69;21,12;21,31;55,31;20,77
;349454719215;;;19;05.05.2025;Montag;Mai;2025;2785,23;2,79;29,88;61,23;33,47;32,5;26,52;64,97;161,14;193,4;211,86;385,07;166,54;126,73;146,54;158,5;399,8;155,73;149,91;24,09;55,45;25,74;22,8;53,9;56,91;42,55
;349454719215;;;18;04.05.2025;Sonntag;Mai;2025;2703,54;2,7;47,51;23,58;22,45;51,3;39,2;79,81;116,13;179,8;127,97;104,21;84,98;1699,09;2081,74;2084,77;2100,15;2073,98;2060,22;2055,64;2099,06;2124,69;2091,12;2076,96;2075,42;1537,76
;349454719215;;;18;03.05.2025;Samstag;Mai;2025;730,55;0,73;21,68;17,17;57,49;23,93;23,83;47,59;22,34;15,3;23,03;58,17;14,96;25,03;55,6;17,51;24,94;24,92;58,48;24,8;22;17,68;59,26;24,59;24,58;24,52
;349454719215;;;18;02.05.2025;Freitag;Mai;2025;792,39;0,79;25,25;25,04;58,62;23,46;24,61;24,31;51,84;20,8;24,59;62,3;24,64;24,73;24,88;25,33;57,59;26,09;25,4;25,22;59,48;25,05;24,92;24,98;57,41;23,35
;349454719215;;;18;01.05.2025;Donnerstag;Mai;2025;786,62;0,79;24,64;24,66;59,89;24,25;14,37;24;58,03;24,05;14,74;59,07;24,83;17,76;22,17;59,04;25,03;25,6;25,56;25,68;63,27;32,06;25,5;25,48;61,62;25,32
;349454719215;;;18;30.04.2025;Mittwoch;April;2025;1765,76;1,77;59,3;26,34;74,17;16,27;59,37;25,82;100,08;135,72;85,34;111,88;198,04;166,54;129,54;123,11;153,31;26,34;27,16;25,16;59,64;25,13;25,19;25,22;61,34;24,75
;349454719215;;;18;29.04.2025;Dienstag;April;2025;1574,51;1,57;22,7;16,43;24,03;58,82;14,44;24,3;162,59;139,52;123,09;137,32;182,58;148,69;135,29;22,56;56,09;28,22;27,4;58,88;27;26,95;26,31;59,03;26,06;26,21
;349454719215;;;18;28.04.2025;Montag;April;2025;3195,68;3,2;13,93;23,47;56,31;112,73;194,27;312,99;463,52;301,55;187,28;95,61;104,12;129,26;106,7;219,64;390,8;60,22;92,98;119,7;24,56;25;53,54;24,51;24,33;58,66
;349454719215;;;17;27.04.2025;Sonntag;April;2025;1575,66;1,58;13,99;23,54;56,62;39,28;118,32;181,37;290,96;264,03;94,83;57,06;14,39;25,55;50,47;22,39;24,75;23,17;48,01;24,34;24,27;57,26;14,95;23,99;23,79;57,08
;349454719215;;;17;26.04.2025;Samstag;April;2025;2758,59;2,76;165,62;216,79;233,15;284,69;253,55;276,8;303,62;291,9;218,1;76,16;24,6;14,55;25,35;58,21;14,98;24,5;58,16;24,51;16,3;24,13;56,87;19,38;19,51;57,16
;349454719215;;;17;25.04.2025;Freitag;April;2025;3286,41;3,29;96,28;102,89;195,4;205,92;205,57;208,97;317,27;306,09;214,43;532,56;160,56;168,4;102,28;23,6;50,75;24,47;14,6;58,9;14,84;24,57;51,23;18,86;45,77;142,2
;349454719215;;;17;24.04.2025;Donnerstag;April;2025;2503,66;2,5;57,46;18,47;76,8;15,74;67,97;39,22;195,39;131,15;227,14;325,72;159,09;272,72;215,17;197,61;133,74;126,46;28,34;17,12;58,39;16,48;26,16;48,78;26,04;21,19
;349454719215;;;17;23.04.2025;Mittwoch;April;2025;2989,34;2,99;17,87;82,43;154,35;131,36;193,43;195,75;276,68;197,16;369,36;172,59;120,46;131,33;64,47;218,84;287,06;110,86;27,38;26,74;54,73;18,87;26;58,18;16,42;26,06
;349454719215;;;17;22.04.2025;Dienstag;April;2025;3047,81;3,05;54,17;103,75;237,57;171,3;188,57;225,11;287,11;187,68;170,17;187,54;164,55;140,95;176,14;161,11;145,89;185,03;31,37;26,53;26,19;49,79;26,07;25,56;49,79;25,87
;349454719215;;;17;21.04.2025;Montag;April;2025;1901,69;1,9;48,24;25,44;68,13;84,62;94,47;134,99;202,86;200,97;200,49;196,2;183,16;72,9;17,33;59,28;16,2;26,2;56,89;20,07;25,47;15,75;58,96;15,6;25,78;51,69
;349454719215;;;16;20.04.2025;Sonntag;April;2025;4337,79;4,34;99,68;240,04;340,92;373,45;452,97;475,84;491,25;554,73;471,92;339,27;102,8;16,09;26,66;23,2;51,98;26,09;26,04;49,49;25,52;25,92;25,32;48,42;24,91;25,28
;349454719215;;;16;19.04.2025;Samstag;April;2025;3073,98;3,07;204,15;229,59;313,53;249,04;262,47;294,67;273,75;263,39;285,9;166,29;91,26;48,59;26,35;16,2;26;59,25;16,28;25,92;57,67;16,19;25,25;60,69;15,7;30,6
;349454719215;;;16;18.04.2025;Freitag;April;2025;4520,3;4,52;173,08;179,2;263,22;209,07;259,47;267,56;282,41;308,71;282,23;253,2;269,98;218,68;194,03;178,89;107,79;87,88;103,96;69,02;59,45;71,24;112,9;132,23;151,33;229,81
;349454719215;;;16;17.04.2025;Donnerstag;April;2025;3026,75;3,03;22,66;22,64;103,59;22,5;22,81;31,34;184,76;190,7;185,56;469,07;297,32;302,81;379,24;106,94;165,44;150,24;41,85;16,19;60,27;23,09;18,66;59,9;43,26;105,91
;349454719215;;;16;16.04.2025;Mittwoch;April;2025;1986,09;1,99;21,76;59,21;74,66;23,11;55,94;22,3;176,94;231,3;133,75;106,56;119,98;145;112,44;142,73;142,3;114,85;59,5;24,22;30,73;40,82;41,04;23,5;23,18;58,91
;349454719215;;;16;15.04.2025;Dienstag;April;2025;2280,28;2,28;21,12;53,86;20,92;23,26;92,11;103,31;185,95;192,96;127,06;350,87;205,47;111,6;107,15;157,78;147,44;104,63;25,13;58,81;31,45;24,11;23,56;63,07;24,88;23,78
;349454719215;;;16;14.04.2025;Montag;April;2025;2139,4;2,14;22,34;55,16;63,74;22,22;62,48;66,67;220,27;158,36;142,16;218,68;187,38;167,84;163,11;87,4;185,14;70,24;29,42;22,07;53,42;21,9;21,44;55,15;21,51;21,3
;349454719215;;;15;13.04.2025;Sonntag;April;2025;852,82;0,85;23,27;55,67;72,55;22,8;52,26;22,78;27,46;41,83;67,4;18,74;22,76;55,31;23,29;16,49;56,41;23,21;23,59;23,49;56,3;21,91;23,22;22,9;56,66;22,52
;349454719215;;;15;12.04.2025;Samstag;April;2025;2667,43;2,67;31,18;64,23;77,53;47,33;166,07;215,68;292,98;344,66;403,01;324,67;236,59;93,31;16,1;23,22;57,07;23,08;22,97;23,2;56,86;23,03;22,72;56;23,26;22,68
;349454719215;;;15;11.04.2025;Freitag;April;2025;3813,05;3,81;168,61;252,19;380,33;300,62;309,39;341,17;369,21;362,27;377,32;173,8;108,05;127,83;91,98;32,08;32,9;65,35;31,81;32,43;32,24;64,18;31,89;33,18;64,09;30,13
;349454719215;;;15;10.04.2025;Donnerstag;April;2025;4455,59;4,46;291,43;274,7;340,15;300,78;314,94;293,02;394,36;320,13;230,44;423,3;131,71;175,2;128,53;144,39;117,24;138,73;121,16;69,85;22,91;22,6;57,61;22,35;22,7;97,36
;349454719215;;;15;09.04.2025;Mittwoch;April;2025;4392,29;4,39;57,76;30,68;76,81;67,43;95,95;161,94;952,87;614,78;382,22;328,51;317,46;195,03;128,27;53,66;78,54;225,85;55,99;20,96;18,46;52,29;22,84;74,29;110,6;207,72
;349454719215;;;15;08.04.2025;Dienstag;April;2025;4424,53;4,42;51,02;56,52;207,55;275,95;360,13;425,58;617,33;439,59;319,81;528,48;139,72;169,36;119,55;121,37;162,87;108,82;33,47;65,36;32,35;31,21;31,3;63,63;32,7;30,86
;349454719215;;;15;07.04.2025;Montag;April;2025;6824,5;6,82;396,71;427,85;545,51;488,35;528,44;564,6;658,97;546,57;675,57;535,74;174,14;197,4;103,14;176,83;389,11;166,2;32,92;23,66;54,39;21,25;16,25;55,07;22,43;22,05
;349454719215;;;14;06.04.2025;Sonntag;April;2025;5689,33;5,69;252,36;387,04;471,5;473,56;529,6;513,83;547,45;602,06;454,83;156,48;59,11;15,1;22,59;58,76;22,92;15,72;22,7;55,7;21,65;32,46;136,99;187,01;270,34;379,57
;349454719215;;;14;05.04.2025;Samstag;April;2025;1328,09;1,33;22,68;23,96;103,59;20,01;21,91;54,03;73,51;169,45;200,97;53,03;22,08;15,7;55,96;23,01;23,23;55,34;16,76;22,5;58,58;22,47;22,13;22,04;71,79;152,03
;349454719215;;;14;04.04.2025;Freitag;April;2025;1804,02;1,8;23,08;21,91;103,1;17,99;21,81;81,94;189,16;333,96;147,83;121,97;110,73;143,48;110,23;24,08;24,73;66,32;24,22;23,81;28,26;27,15;56,12;23,07;23,35;55,72
;349454719215;;;14;03.04.2025;Donnerstag;April;2025;3184,96;3,19;21,77;15,06;106,19;53,79;126,29;236,73;287,79;369,51;231,75;375,15;212,62;149,85;138,36;142,14;168,15;229,81;62,98;53,28;23,25;23,11;52,61;22,33;23,76;58,68
;349454719215;;;14;02.04.2025;Mittwoch;April;2025;4022,35;4,02;54,22;160,03;233,08;256,95;358,7;373,01;453,01;493,31;244,05;345,51;127,52;141;118,15;148,72;115,79;116,79;62,52;22,41;21,78;21,8;55,97;22,1;21,96;53,97
;349454719215;;;14;01.04.2025;Dienstag;April;2025;5789,74;5,79;244,08;391,34;490,09;447,76;474,44;424,5;556,64;471,08;317,36;569,52;262,05;189,38;191,63;110,08;112,29;204,83;65,35;54,57;22,99;22,47;51,13;16,33;53,36;21,91
;349454719215;;;14;31.03.2025;Montag;März;2025;4886,9;4,89;318,11;294,58;360,64;344,8;315,31;326,68;399,79;453,05;355,59;368,51;133,1;177,43;100,9;77,24;300,14;178,9;31,59;22,84;22,56;57,27;21,66;21,86;76,06;128,29
;349454719215;;;13;30.03.2025;Sonntag;März;2025;5037,44;5,04;179,5;339,71;0;289,96;275,99;318,23;298,82;332,82;375,38;303,9;266,95;232,77;166,74;131,04;125,35;71,46;61,79;87,11;147,73;137,83;167,48;234,01;230,51;262,36
;349454719215;;;13;29.03.2025;Samstag;März;2025;1618,6;1,62;21,46;73,16;56,85;23,89;66,94;166,58;215,25;266,66;148,95;50,65;18,91;22,41;54,62;22,48;22,38;56,19;22,15;22,33;21,85;51,7;17,42;21,77;68,52;105,48
;349454719215;;;13;28.03.2025;Freitag;März;2025;4445,28;4,45;50,67;190,49;261,63;328,97;415,57;488,29;505,68;575,22;673,13;145,23;179,92;153,68;81,37;55,47;24,11;21,67;57,11;28,56;22,67;22,11;54,81;21,69;21,35;55,74
;349454719215;;;13;27.03.2025;Donnerstag;März;2025;5710,81;5,71;260,5;414,99;374,39;454,68;574,63;538,69;627,4;612,99;222,75;364,51;119,67;175,59;151,6;201,13;221,6;118,43;26,89;52,17;22,86;22,68;54,71;22,39;21,6;53,96
;349454719215;;;13;26.03.2025;Mittwoch;März;2025;4940,41;4,94;75,99;141,83;137,92;235,86;240,97;285,86;361,01;336,84;541,41;751,89;393,22;292,49;155,67;156,26;188,61;159,9;59,12;22,75;22,03;47,81;21,59;25,04;101,21;163,19
;349454719215;;;13;25.03.2025;Dienstag;März;2025;3679,15;3,68;19,39;72,35;62,3;81,07;151,63;274,41;376,87;437,71;342,41;608,68;175,79;135,86;68,37;82,94;183,85;266,59;128,84;21,61;22,42;51,02;22,27;55,23;19,96;17,58
;349454719215;;;13;24.03.2025;Montag;März;2025;3169,3;3,17;56,73;85,21;50,37;123,74;123,92;154,44;319,13;238,06;169,2;382,28;229,74;199,95;140,19;388,72;152,79;61,49;35,01;55,64;23,41;26,2;57,63;22,63;22,11;50,71
;349454719215;;;12;23.03.2025;Sonntag;März;2025;1740,49;1,74;22,78;74,48;60,45;52,21;108,87;182,87;171,05;202,37;224,45;131,99;93,24;64,23;23,26;23,4;48,36;23,13;23,04;57,23;15,57;22,26;22,5;55,09;15,45;22,21
;349454719215;;;12;22.03.2025;Samstag;März;2025;1362,87;1,36;55,55;73,83;22,39;54,91;33,32;99,31;213,88;211,13;104,28;62,01;23;16,15;23,56;57,24;22,99;16,26;54,94;22,28;22,98;56,02;22,56;22,92;16,03;55,33
;349454719215;;;12;21.03.2025;Freitag;März;2025;3520,5;3,52;21,96;106,35;51,58;163,29;328,01;443,39;617,92;565,85;227,58;167,98;231,3;151,64;93,13;23,11;53,02;23,22;23,4;56,97;22,74;22,64;22,67;56,22;22,74;22,37
;349454719215;;;12;20.03.2025;Donnerstag;März;2025;6464,33;6,46;402,25;496,79;528,04;618,7;702,57;723,03;733,52;434,25;305,13;377,73;153,98;114,1;124,06;145,61;107,59;212,05;58,79;23,87;22,78;55,28;22,43;22,18;57,39;22,21
;349454719215;;;12;19.03.2025;Mittwoch;März;2025;8697,08;8,7;618,6;738,16;682,51;703,97;796,54;805,23;1119,87;849,89;268,83;331,24;224,01;165,85;181,26;132,96;186,42;293,46;58,84;22,74;49,67;21,82;22,04;61,03;106,66;255,48
;349454719215;;;12;18.03.2025;Dienstag;März;2025;10629,91;10,63;693,63;756,7;709,4;702,27;796,92;778,18;910,08;955,06;526,14;462,52;141,24;121,48;164,94;155,7;150,36;193,23;53,09;72,35;169,43;249,35;349,17;461,33;506,95;550,39
;349454719215;;;12;17.03.2025;Montag;März;2025;10968,48;10,97;376,01;479,49;491,04;500,7;508,86;589,31;701,13;864,1;889,81;401,74;166,71;225,07;350,46;441,51;256,64;267,56;170,25;203,02;309,77;429,77;488,56;561,18;658,42;637,37
;349454719215;;;11;16.03.2025;Sonntag;März;2025;9578,79;9,58;655,37;733,15;707,64;752,62;799,16;795,79;803,63;829,42;633,37;258,82;61,77;22,51;22,49;15,22;56,4;65,58;121,79;205,54;232,25;287,11;378,37;357,6;378,75;404,44
;349454719215;;;11;15.03.2025;Samstag;März;2025;11511,92;11,51;524,21;577,84;567,14;659,91;667,07;705,49;736,57;700,02;619,46;506,5;303,37;264,84;287,46;253,76;213,31;226,14;278,98;319,11;370,62;480,24;478,84;538,89;618,93;613,22
;349454719215;;;11;14.03.2025;Freitag;März;2025;11021;11,02;697,15;753,12;711,84;770,01;714,79;756,09;916,07;845,56;468,17;216,5;129,78;137,74;88,6;42,15;101,85;190,58;243,91;296,38;392,61;446,9;518,16;568,7;506,11;508,23
;349454719215;;;11;13.03.2025;Donnerstag;März;2025;12652,09;12,65;683,53;803,16;750,78;765,3;829,53;815,14;857,07;1347,43;962,87;1214,91;241,57;187,16;174,18;90,93;41,19;78,64;70,52;139,99;232,98;300,62;385,52;506,2;552,58;620,29
;349454719215;;;11;12.03.2025;Mittwoch;März;2025;13665,51;13,67;547,07;618,83;551,4;559,19;627,36;618,13;748,8;1195,21;699,33;1205,95;568,23;346,24;219,5;301,39;819,57;474,65;346,69;244,61;271,26;418,81;452,38;532,7;623,68;642,76
;349454719215;;;11;11.03.2025;Dienstag;März;2025;11989,4;11,99;291,66;435,25;492,72;500,69;533,46;569,57;549,36;904,15;908,77;678,2;584,27;416,08;312,34;317,87;351,58;313,32;328,99;341,71;402,96;491,69;526,66;566,06;603,52;568,52
;349454719215;;;11;10.03.2025;Montag;März;2025;6332,99;6,33;336,82;450,44;484,72;507,63;571,72;558,21;658,89;679,79;442,88;207,29;205,35;116,01;85,64;345,3;140,44;74,04;34,32;52,91;22,33;21,89;54,54;21,83;53,59;206,41
;349454719215;;;10;09.03.2025;Sonntag;März;2025;3808,68;3,81;114,46;149,08;216,77;299,59;314,65;362,26;434,31;480,25;385,39;245,92;38,41;21,07;53,87;13,8;21,28;21,07;53,17;20,52;13,91;52,51;20,35;55,04;170,56;250,44
;349454719215;;;10;08.03.2025;Samstag;März;2025;4579,87;4,58;135,84;280,98;333,47;430,32;515,89;544,41;563,04;626,28;509,99;217,15;34,28;46,44;21,22;21,14;52,92;15,11;20,79;53,09;20,51;20,08;20,25;45,27;20,72;30,68
;349454719215;;;10;07.03.2025;Freitag;März;2025;4866,35;4,87;198,32;312,28;311,14;326,26;359,58;431,43;452,09;954,24;429,3;249,99;166,7;227,34;113;21,52;22,08;51,29;21,5;21,39;20,76;51,32;20,23;20,39;46,6;37,6
;349454719215;;;10;06.03.2025;Donnerstag;März;2025;7646,79;7,65;698,41;764,89;710,73;776,32;757,47;768,45;794,83;734,96;207,28;362,08;149,08;127,17;133,78;131,73;88,27;67,06;75,52;23,22;22,91;25,64;52,17;22,41;21,75;130,66
;349454719215;;;10;05.03.2025;Mittwoch;März;2025;9950,97;9,95;564,65;671,11;684,27;653,4;668,42;714,07;772,72;1252,73;1015,04;472,83;227,24;143,73;110,03;95,6;126,71;61,89;27,78;23,84;56,28;37,34;162,9;341,78;475,12;591,49
;349454719215;;;10;04.03.2025;Dienstag;März;2025;11095,27;11,1;659,73;755,32;712,72;731,99;785,9;761,95;837,23;1308,52;1180;1151,94;389,11;170,47;92,1;46,04;271,27;260,04;36,69;50,65;22,86;18,84;48,89;91,96;258,62;452,43
;349454719215;;;10;03.03.2025;Montag;März;2025;12019,11;12,02;802,1;849,73;884,57;887,12;903,95;937,8;1304,65;1079,96;654,93;371,25;219,01;150,53;78,91;345,93;160,05;184,78;62,09;23,18;28,18;164,2;300,01;441,26;576,61;608,31
;349454719215;;;9;02.03.2025;Sonntag;März;2025;13992,45;13,99;843,47;830,49;834,46;864,81;844,76;861,65;886,29;843,36;820,77;822,32;648,59;333,89;108,85;102,71;68,1;95,71;208,58;272,52;385,82;492,21;626,06;669,23;731,63;796,17
;349454719215;;;9;01.03.2025;Samstag;März;2025;13279,49;13,28;637,01;650,42;573,16;571,62;577,87;593,8;584,74;595,48;616,87;585,8;558,4;537,28;398,43;336,13;336,54;355,2;344,13;380,41;496,06;579,35;646,77;750,91;767,67;805,44
;349454719215;;;9;28.02.2025;Freitag;Februar;2025;12553,42;12,55;585,24;588,19;534,72;579,92;545,25;565,38;713,73;750,77;522,35;450,27;533,48;453,19;349,15;298,05;341,91;352,9;409,28;423,65;481,27;551,07;560,94;611,93;690,82;659,96
;349454719215;;;9;27.02.2025;Donnerstag;Februar;2025;12911,25;12,91;581,51;599,6;525,57;589,05;623;618;568,61;606,66;533,7;504,6;522,62;502,66;465,07;455,28;429,64;403,6;434,09;500,91;576,11;562,45;577,47;603,18;566,33;561,54
;349454719215;;;9;26.02.2025;Mittwoch;Februar;2025;9869,23;9,87;444,36;502,16;476,56;451,95;456,56;518,57;468,93;577,59;429,22;606,15;365,17;222,12;130,29;162,6;215,83;138,76;142,4;297,97;386,92;473,54;616,09;576,71;584,45;624,33
;349454719215;;;9;25.02.2025;Dienstag;Februar;2025;7288,66;7,29;320,85;380,86;376,7;356,03;365,14;377,23;483,98;479,71;854,6;466,36;144,36;277,97;113,76;133,92;120,36;187,7;59,25;23,05;85,79;223,22;281,27;346,4;417,53;412,62
;349454719215;;;9;24.02.2025;Montag;Februar;2025;7722,03;7,72;174,24;155,62;183,82;139,79;131,54;152,39;1256,38;1027,34;652,64;458,54;302,28;190,86;92,49;308,22;216,35;151,19;92,5;175,01;236,06;288,71;341,67;299,79;305,3;347,97
;349454719215;;;8;23.02.2025;Sonntag;Februar;2025;2400,93;2,4;34,27;43,6;101,57;100,21;125,63;193,56;156;156,81;191,08;138,76;115,8;105,08;54,92;30,3;46,12;21,87;13,78;52,86;13,2;49,42;129,17;154,92;164,69;207,31
;349454719215;;;8;22.02.2025;Samstag;Februar;2025;1764,93;1,76;13,24;57,53;59,43;95,64;164,65;141,98;175,46;206,01;162,68;149,68;137,05;60,01;20,95;45,74;21,55;13,2;55,42;13,21;21,08;48,01;21,19;13,2;21,35;46,67
;349454719215;;;8;21.02.2025;Freitag;Februar;2025;2314,88;2,31;166,68;158,52;173,44;212,97;192,1;185,26;203,98;178,67;173,49;200,56;99,93;15,71;53,55;13,7;21,45;54,48;13,82;20,89;20,47;46,71;20,67;17,81;49,53;20,49
;349454719215;;;8;20.02.2025;Donnerstag;Februar;2025;11372,4;11,37;865,48;865,47;841,35;884,68;857,24;891,21;874,07;806,68;694,57;793,39;432,62;479,1;671,89;546,15;356,37;112,72;58,52;20,36;13,19;52,54;12,7;27,4;94,04;120,66
;349454719215;;;8;19.02.2025;Mittwoch;Februar;2025;20191,81;20,19;916,67;988,02;933,79;909,31;973,85;916,82;1880,28;2148,5;923,78;530,88;432,11;563,54;560,73;441,7;386,79;409,2;421,23;585,53;772,17;844,5;890,88;923,75;892,35;876,14
;349454719215;;;8;18.02.2025;Dienstag;Februar;2025;20654,19;20,65;984,81;991,48;952,61;1000,33;984,29;1046,61;1147,2;912,69;894,18;1055,14;910,05;1029,88;924,13;907,6;576,53;280,5;376,83;541,21;705,66;866,95;871,81;889,15;921,44;883,11
;349454719215;;;8;17.02.2025;Montag;Februar;2025;19429,87;19,43;798,73;908,86;819,33;856,11;885,3;885,03;1324,7;1194,69;1104,62;1052,87;912,79;497,29;157,57;311,61;602,37;663,94;632,3;559,44;733,18;803,76;871,63;957,55;932,65;963,55
;349454719215;;;7;16.02.2025;Sonntag;Februar;2025;17036,81;17,04;784,47;860,62;799,96;815,29;866,57;825,92;783,6;786,45;711,48;687,24;677,87;615,59;557,99;525,67;453,38;483,44;559,83;610,49;718,88;797,01;766,91;755,62;800,07;792,46
;349454719215;;;7;15.02.2025;Samstag;Februar;2025;15155,84;15,16;658,59;680,84;613,23;657,54;634,89;676,62;657,26;649,52;697,03;645,38;642,21;667,74;612,18;543,89;527,73;451,88;473,9;555,15;571,74;617,75;712,15;703,9;731,74;772,98
;349454719215;;;7;14.02.2025;Freitag;Februar;2025;15186,58;15,19;667,9;719,82;630,92;632,08;670,73;657,8;902,85;845,54;810,26;601,58;572,17;501,07;561,44;450,07;495,64;558,24;545,55;575,41;626,1;619,48;612,17;664,71;622,78;642,27
;349454719215;;;7;13.02.2025;Donnerstag;Februar;2025;17051,42;17,05;738,77;771,21;744,39;717,81;729,46;778,78;833,05;1017,57;859,5;901,03;512,88;602,08;565,38;620,13;772,57;670,58;524,18;565,91;599,57;694,64;719,68;705,72;736,87;669,66
;349454719215;;;7;12.02.2025;Mittwoch;Februar;2025;21548,87;21,55;717,58;781,41;656,32;683,71;707,94;702,88;1194,16;1213,71;1845,08;1550,78;1246,25;1495,75;1981,47;1330,22;833,86;588,16;40,24;171,37;434,93;550,21;680,11;679,71;704,47;758,55
;349454719215;;;7;11.02.2025;Dienstag;Februar;2025;21176,05;21,18;794,49;888,55;776,24;802,13;838,46;822,06;1108,03;1055,16;1272,13;1627,3;1466,57;1371,25;751,6;256,56;457,43;604,73;744,98;758,08;818,42;846,89;804,6;787,91;775,78;746,7
;349454719215;;;7;10.02.2025;Montag;Februar;2025;19991,05;19,99;687,54;727,86;683,69;695,14;647,28;646,24;711,08;1055,46;935,26;1088,6;966,3;952,65;592,71;1333,56;1607,03;1006,46;754,4;579,86;628,32;716,08;721,32;761,59;736,37;756,25
;349454719215;;;6;09.02.2025;Sonntag;Februar;2025;13901,76;13,9;571,49;621,8;619,14;581,28;599,45;659,17;655,16;688,37;744,29;697,55;634,76;583,12;412,7;367,51;419,48;394,1;445,81;535,43;536,36;571,24;622,08;611,49;633,45;696,53
;349454719215;;;6;08.02.2025;Samstag;Februar;2025;15143,16;15,14;728,63;789,26;702,51;708,2;758,54;795,49;743,85;756,78;701,6;696,84;694,85;636,46;606,71;577,39;522,81;493,21;514,92;470,35;478,88;540,42;526,2;548,12;590,95;560,19
;349454719215;;;6;07.02.2025;Freitag;Februar;2025;16838,47;16,84;651,72;735,53;645,34;608,1;666,67;631,69;803,51;767,01;1087,08;808,28;894,37;657,76;504,18;582;613,19;633,61;674,8;660,04;665,82;714,47;681,7;693,99;740,92;716,69
;349454719215;;;6;06.02.2025;Donnerstag;Februar;2025;11923,05;11,92;604,4;607,01;598,4;539,12;552,08;580,52;558,79;552,55;645,31;483,88;446,53;473,86;382,38;444,51;216,59;232,67;223,8;375,78;473,84;570,95;525,92;555,01;626,04;637,58
;349454719215;;;6;05.02.2025;Mittwoch;Februar;2025;15222,43;15,22;654,54;698,13;606,09;597,11;651,98;615,83;606,11;573,72;484,82;855,31;888,15;1318,68;852,77;554,24;986,63;498,96;259,77;356,91;393,13;469,54;553,94;556,07;573,1;616,9
;349454719215;;;6;04.02.2025;Dienstag;Februar;2025;16305,05;16,3;818,16;909,8;801,12;853,19;808,38;825,83;823,07;650,28;526,84;768,77;646,26;799,32;477,66;476,92;906,11;787,39;461,12;454,76;508,42;569,22;537,77;579,84;666,96;647,86
;349454719215;;;6;03.02.2025;Montag;Februar;2025;18186,63;18,19;874,43;947,29;867,19;874;943,04;936,41;997,13;850,3;942,88;821,06;772,2;813,55;903,06;765,74;518,62;225,26;322,05;432,14;603,16;671,23;710,18;796,23;781,49;817,99
;349454719215;;;5;02.02.2025;Sonntag;Februar;2025;18290,13;18,29;751,29;856,12;742,33;766,72;808,57;785,46;809,23;841,86;839,8;836,74;866,13;796,49;742,95;700,58;599,89;555,35;593,47;634,31;683,8;758,84;771,17;809,74;874,15;865,14
;349454719215;;;5;01.02.2025;Samstag;Februar;2025;15711,42;15,71;790,53;817,36;772,08;823,7;792,29;806,61;829,52;820,06;814,83;849,32;769,22;659,36;431,12;245,74;211,46;251,85;363,87;442,64;548,37;669,69;688,02;744,04;802,18;767,56
;349454719215;;;5;31.01.2025;Freitag;Januar;2025;14881,48;14,88;671,79;733,94;731,33;724,72;732,43;769,46;738,48;1135,2;1025,37;747,27;523,46;526,65;406,08;213,81;179,06;292,68;339,5;426,74;562,3;601,37;653,04;704,33;707,33;735,14
;349454719215;;;5;30.01.2025;Donnerstag;Januar;2025;11354,62;11,36;517,32;519,03;469,6;481,73;459,08;463,54;543,86;552,69;425,43;713,59;399,92;432,97;293,21;324,32;336,54;304,91;317,42;416,05;447,12;493,45;555,93;582,04;616,2;688,67
;349454719215;;;5;29.01.2025;Mittwoch;Januar;2025;9303,05;9,3;393,87;414,29;360,37;379,23;364,41;382,82;485,41;465,7;354,96;527,21;309,31;372,9;196,96;298,72;254,6;311,21;288,23;380,26;410,78;483,37;442,85;485,34;466,69;473,56
;349454719215;;;5;28.01.2025;Dienstag;Januar;2025;9129,44;9,13;418,84;497,59;451,33;453,98;482,37;544,54;632,33;481,64;473,93;408,93;412,59;370,49;218,9;234,81;403,1;251,16;103,94;180,88;274,75;301,24;363,57;411,84;377;379,69
;349454719215;;;5;27.01.2025;Montag;Januar;2025;9068,19;9,07;731,97;729,27;612,17;581,27;530,51;483,64;615,74;356,63;281,33;464,38;215,72;162,58;133,24;518;174,58;146,17;47,38;139,62;210,57;292,3;400,36;396,55;411,24;432,97
;349454719215;;;4;26.01.2025;Sonntag;Januar;2025;13329,08;13,33;520,56;601,24;509,27;516,41;550,01;527,37;529,85;570,7;566,84;543,7;623,12;568,79;534,66;560,14;473,47;492,52;545,85;556,34;652,64;571,84;561,12;559,5;583,72;609,42
;349454719215;;;4;25.01.2025;Samstag;Januar;2025;9894,21;9,89;380,69;427,73;400,17;388,53;378,97;368,53;420,02;390,06;402,21;453,64;408,98;425,9;447,09;389,85;303,18;340,03;349,5;374,36;413;410,9;448,55;490,49;558,51;523,32
;349454719215;;;4;24.01.2025;Freitag;Januar;2025;11584,05;11,58;580,04;628,83;535,2;493,15;535,79;499,95;518,89;667,96;540,03;515,74;709,25;412,33;390,42;393,09;430,25;450,28;490,85;432,89;421,92;430,72;357,29;358,67;379,02;411,49
;349454719215;;;4;23.01.2025;Donnerstag;Januar;2025;12645,16;12,64;511,7;561,69;528,85;479,87;514,79;564,1;563,36;557,97;888,26;1008,02;639,66;346,19;445,18;334,69;264,19;360,95;276,7;437,92;468,19;532,1;533,39;571,55;632,08;586,76
;349454719215;;;4;22.01.2025;Mittwoch;Januar;2025;15880,67;15,88;803,81;821,56;831,64;829,35;894,01;860,25;1014,61;1276,01;1146,62;825,48;427,49;493,54;299,62;606,47;313,86;483,03;331,48;450,03;470,06;538,92;580,25;525,07;519,2;538,31
;349454719215;;;4;21.01.2025;Dienstag;Januar;2025;19145,25;19,14;766,32;816,07;817,31;838,49;797;867,55;879,08;787,43;658,29;906,96;1032,57;789,38;688,74;629,29;654,78;883,58;793,25;791,16;838,45;840,02;815,57;774,13;744,91;734,92
;349454719215;;;4;20.01.2025;Montag;Januar;2025;20870,3;20,87;845,44;928,73;807,06;825,4;854,66;847,68;883,33;1066,2;1168,09;1210,23;959,14;733,12;649,2;1170,98;780,3;649,66;705,3;749,16;869,81;882,68;855,99;914,38;758,98;754,78
;349454719215;;;3;19.01.2025;Sonntag;Januar;2025;19516,68;19,52;817,56;931,33;830,67;893,49;909,21;854,95;769,13;813,91;800,04;801,01;845,81;812,53;806,33;806,44;744,19;671,81;737,84;760,15;794,69;819,84;767,98;814,92;859,89;852,96
;349454719215;;;3;18.01.2025;Samstag;Januar;2025;18778,6;18,78;733,11;735,14;713,79;677,86;700,83;759,33;747,03;816,16;847,06;830,55;795,81;837,92;786,55;773,54;805,05;741,14;776,31;751,57;799,78;844,1;816,41;835,58;835,75;818,23
;349454719215;;;3;17.01.2025;Freitag;Januar;2025;16928,86;16,93;736,67;755,75;716,82;698,71;745,97;764,22;727,58;745,7;754,7;722,76;610,26;730,68;631,28;638,66;633,8;592,51;555,24;659,96;686,96;670,61;742,64;726,02;774,39;786,04
;349454719215;;;3;16.01.2025;Donnerstag;Januar;2025;13840,7;13,84;454,96;537,2;455,83;441,95;492,39;463,88;573,23;638,86;446,21;942,33;451,62;412,64;611,29;418,33;526,38;707,87;596,22;578,99;621,85;641,87;640,79;717,8;710,64;757,57
;349454719215;;;3;15.01.2025;Mittwoch;Januar;2025;11631,91;11,63;615,41;598,56;547,48;565,28;527,75;521,29;603,1;617,37;467,82;550,44;218,42;556,39;646,77;408,92;299,68;595,17;359;335,08;371,93;434,42;422,98;442,34;467,78;458,53
;349454719215;;;3;14.01.2025;Dienstag;Januar;2025;18923,61;18,92;848,65;920,9;920,74;868,63;845,27;840,39;994,83;1040,65;949,52;1247,22;1124,24;993,65;569,84;571,97;555,06;616,65;619,79;639,08;690,03;648,15;628,05;636,48;589,18;564,64
;349454719215;;;3;13.01.2025;Montag;Januar;2025;20022,95;20,02;1018,21;1014,42;992,86;1044,39;1039,09;1056,18;1281,74;1067,93;897,04;1048,9;1010,31;925,98;536,46;279,23;469,64;292,98;366,76;590,67;702,12;830,87;917,56;891,86;864,54;883,21
;349454719215;;;2;12.01.2025;Sonntag;Januar;2025;18835,19;18,84;770,41;829,48;783,43;854,77;877;892,88;952,29;868,25;881,28;856,33;771,33;680,89;627,71;525,6;484,48;516,61;536,54;658,81;810,81;853,23;909,73;968,29;978,94;946,1
;349454719215;;;2;11.01.2025;Samstag;Januar;2025;17603,54;17,6;782,78;793,72;751,18;825,26;804,66;821,09;836,5;810,45;823,3;844,33;834,87;732,03;548,77;456,89;455,81;522,04;634;664,83;683,11;774,62;752,58;841,64;804,84;804,24
;349454719215;;;2;10.01.2025;Freitag;Januar;2025;17405,3;17,41;702,26;804,98;710,13;737,96;682,98;684,09;860,18;857,37;1001,25;1223,07;909,72;663,17;658,09;567,79;554,53;556,76;600,75;602,3;617,7;648,88;642,56;696,41;699,82;722,55
;349454719215;;;2;09.01.2025;Donnerstag;Januar;2025;15711,6;15,71;666,41;746,35;632,34;641,09;668,08;670,01;837,24;932,16;630,11;847,94;682,58;601,53;587,88;592,18;527,27;494,25;540,91;499,02;570,09;659,66;653,67;663,48;681,71;685,64
;349454719215;;;2;08.01.2025;Mittwoch;Januar;2025;16816,64;16,82;681,19;735,27;718,66;689,09;690,56;758,17;852,48;1286,67;609,2;589,14;1259,25;1090,02;400,71;263,81;354,45;495,74;520,5;634,74;677,63;761,22;717,91;684,91;694,2;651,12
;349454719215;;;2;07.01.2025;Dienstag;Januar;2025;15576,85;15,58;621,92;666,51;638,87;611,05;604,76;653,21;721,96;813,99;728,49;949,87;521,24;507,25;435,81;511,87;443,84;530,66;566,66;676,94;758,17;735,56;748,01;721,68;697,66;710,87
;349454719215;;;2;06.01.2025;Montag;Januar;2025;9327,38;9,33;191,63;214,76;196,45;195,06;235,99;194,75;734,66;762,44;450,2;290,05;328,84;268,38;228,91;357,5;224,33;304,2;284,91;388,18;457,73;526,91;591,43;616,47;621,07;662,53
;349454719215;;;1;05.01.2025;Sonntag;Januar;2025;15623,14;15,62;682,07;710,05;711,44;678,15;707,64;648,32;685,38;746,7;747,66;712,67;800,12;799,47;806,95;815,81;764,59;760,95;756,22;702,76;640,81;570,86;399,46;308,34;262,2;204,52
;349454719215;;;1;04.01.2025;Samstag;Januar;2025;16761,43;16,76;767,81;796,92;736,96;753,88;771,67;747,64;739,01;792,16;748,22;739,78;742,89;686,1;628,7;617,53;571,6;586,7;620,86;610,48;639,49;689,49;678,37;689,33;731,64;674,2
;349454719215;;;1;03.01.2025;Freitag;Januar;2025;17009,04;17,01;713,58;694,43;673,88;712,68;752,53;715,77;714,91;762,66;734,37;724,93;739,12;683,9;649,41;646,99;635,77;615,73;686,8;656,57;701,99;740,22;727,9;746,96;807,3;770,64
;349454719215;;;1;02.01.2025;Donnerstag;Januar;2025;12508,51;12,51;486,9;483,78;471,5;494,59;470,35;492,98;565,86;561,24;594,48;638,04;612,01;556,27;438,84;274,33;249,03;356,21;400,94;461,65;568,43;600,73;651,42;708,13;683,11;687,69
;349454719215;;;1;01.01.2025;Mittwoch;Januar;2025;9611,65;9,61;516,26;488,89;512,36;452,45;443,58;452,61;416,69;390,63;418,49;367,32;375,35;364,35;403,83;344,53;350,18;354,35;336,87;364,21;343,71;316,86;342,93;414,4;410,41;430,39
;349454719215;;;1;31.12.2024;Dienstag;Dezember;2024;13869,44;13,87;434,89;422,63;461,47;422,05;442,7;493,93;511,17;561,88;613,6;595,31;630,23;628,34;664,8;646,78;665,23;647,97;631,81;653,6;680,68;638,07;661,38;611,19;576,91;572,82
;349454719215;;;1;30.12.2024;Montag;Dezember;2024;11807,12;11,81;520,48;502,67;534,76;499,62;521,68;550,07;528,8;520,45;576,17;518,11;526,79;529,44;489,95;472,17;492,71;459,89;448,05;477,82;434,91;433,55;466,86;430,62;423,05;448,5
;349454719215;;;52;29.12.2024;Sonntag;Dezember;2024;14959,88;14,96;678,27;730,98;719,07;715,09;713,4;768,8;686,94;684,81;657,75;642,46;602,84;639,43;564;553,39;575,93;533,18;542,79;605,05;554,23;568,83;582,27;543,93;535,19;561,25
;349454719215;;;52;28.12.2024;Samstag;Dezember;2024;15177,54;15,18;570,3;600,01;594,43;578,8;653,21;602,55;674,2;705,2;691,33;664,46;706,17;661,91;615,05;565,62;514,24;495,78;573,99;591,48;666,18;703,12;699,99;668,92;717,21;663,39
;349454719215;;;52;27.12.2024;Freitag;Dezember;2024;12040,19;12,04;465,04;468,08;460,39;516,46;469,34;500,55;522,56;519,59;517,06;570,88;520;545,01;488,29;511,43;453,75;424,93;468,29;449,13;470,04;520,22;509,95;531,96;563,23;574,01
;349454719215;;;52;26.12.2024;Donnerstag;Dezember;2024;8132,06;8,13;294,46;284,02;326,4;282,13;297,32;326,35;300,45;308,27;335,93;322,98;311,94;359,21;309,58;327,88;351,15;316,09;348,7;372,11;358,72;379,53;383,64;422,06;401,46;411,68
;349454719215;;;52;25.12.2024;Mittwoch;Dezember;2024;7940,91;7,94;438,61;382,12;383,61;399,34;393,37;375,18;408,82;353,95;350,37;376,36;342,16;325,56;347,07;294,64;267,56;253,19;266;252,39;256,41;307,78;275,69;280,75;329,83;280,15
;349454719215;;;52;24.12.2024;Dienstag;Dezember;2024;12304,36;12,3;616,62;566,31;581;613,46;611,56;634,02;658,55;592,43;575,25;588,25;522,54;486,86;471,47;417,19;400,81;431,44;421,29;440,34;472,26;438,44;447,04;479,16;427,5;410,57
;349454719215;;;52;23.12.2024;Montag;Dezember;2024;12092,61;12,09;666,3;636,99;644,84;585,69;552,25;539,49;564,77;521,44;506,37;531,48;479,08;441,2;373,78;257,33;264,1;349,55;371,18;445,03;524,11;530,68;544,48;611,59;572,84;578,04
;349454719215;;;51;22.12.2024;Sonntag;Dezember;2024;11275,67;11,28;275,6;278,29;349,04;329,6;360,85;422,52;413,37;435,24;491,31;478,84;500,87;521,79;447,22;453,24;497,98;489,7;509,28;573,82;547,9;556,61;547,05;599,52;583,18;612,85
;349454719215;;;51;21.12.2024;Samstag;Dezember;2024;8937,42;8,94;461,32;446,78;467,09;440,38;421,31;435,7;385,44;383,35;398,68;366,96;340,78;385,1;317,08;318,27;336,61;329,3;346,68;403,35;358,68;347,8;352,53;304,83;286,19;303,21
;349454719215;;;51;20.12.2024;Freitag;Dezember;2024;12938,27;12,94;603,69;638,97;648,02;617,1;618,93;634,77;934;824,18;579,67;673,86;1057,97;865,71;180,65;15,01;115,03;190,7;316,46;441,58;463,91;487,52;534,77;507,38;516,07;472,32
;349454719215;;;51;19.12.2024;Donnerstag;Dezember;2024;8728,39;8,73;172,1;251,56;177,49;196,64;225,89;191,84;427,17;404,25;279,73;503,36;214,84;162,13;150,22;191,94;318,28;277,89;355,22;496,69;551,89;600,84;672,01;648,34;613,14;644,93
;349454719215;;;51;18.12.2024;Mittwoch;Dezember;2024;7823,82;7,82;434,82;439,24;400,23;427,11;486,01;427,18;704,61;348,47;282,48;464,2;216,84;774,85;668,78;151,79;186,01;180,9;76,9;111,21;155,27;177,52;164,56;168,69;199,34;176,81
;349454719215;;;51;17.12.2024;Dienstag;Dezember;2024;7604,23;7,6;309,31;384,08;311,45;298,46;353,29;378,23;614,36;281,49;167,91;406,91;228,46;233,32;369,76;220,14;393,73;194,87;154,76;184,81;291,26;299,28;339,06;400,84;387,74;400,71
;349454719215;;;51;16.12.2024;Montag;Dezember;2024;7246,64;7,25;323,72;320;258,38;262,14;236,1;228,59;484,9;241,72;179,52;423,4;171,11;173,18;189,92;531,02;240,09;318,54;309,05;273,73;333,12;346,16;335,32;333,63;340,39;323,43
;349454719215;;;50;15.12.2024;Sonntag;Dezember;2024;11737,24;11,74;568,94;637,3;616,21;595,12;597,37;650,81;608,33;589,23;601,51;543,44;520,48;523,79;464,7;448,26;477,32;406,34;407,88;386,71;416,43;363,44;335,2;371,53;302,09;304,81
;349454719215;;;50;14.12.2024;Samstag;Dezember;2024;15362,93;15,36;684,67;766,33;666,14;652,74;684,58;674,46;727,67;752,72;708,66;706,78;736,49;650,34;634,19;631,51;597,21;588,24;621,62;561,84;563,13;546,21;560,83;529,19;534,64;582,74
;349454719215;;;50;13.12.2024;Freitag;Dezember;2024;16959,95;16,96;648,07;708,54;694,23;680,86;711,25;754,56;928,89;1020,83;700,36;809,33;986,16;1020,87;1031,06;237,99;304,69;463,53;592,69;642,67;638,13;681,73;655,35;672,07;698,37;677,72
;349454719215;;;50;12.12.2024;Donnerstag;Dezember;2024;15481,54;15,48;738,77;764,24;731,65;687,94;693,3;717,58;790,14;946,17;654,74;563,24;669,39;582,25;481,86;582,59;485,11;527,94;507,88;532,22;582,19;655,12;632,76;634,13;682,32;638,01
;349454719215;;;50;11.12.2024;Mittwoch;Dezember;2024;17477,35;17,48;589,19;632,11;615,22;587,59;605,15;644,87;917,69;642,08;745,6;574,74;625,18;650,82;659,52;601,29;1904,69;1135,99;632,81;554,08;546,13;607,84;738,4;755,91;739,64;770,81
;349454719215;;;50;10.12.2024;Dienstag;Dezember;2024;14626,65;14,63;649,03;646,12;574,09;567,49;616,02;608,81;855,23;602,84;646,53;713,31;565,23;697,06;426,18;536,81;543,32;638,17;535,9;541,43;574,21;635,02;612,6;604,59;627,61;609,05
;349454719215;;;50;09.12.2024;Montag;Dezember;2024;15481,2;15,48;452,24;488,03;459,43;422;420,79;468,4;1485,96;1090,38;967,07;862,31;594,51;733,56;347,22;683,18;619,07;540,47;556,06;532,35;620,4;625,85;631,95;661,9;606,97;611,1
;349454719215;;;49;08.12.2024;Sonntag;Dezember;2024;10312,52;10,31;346,42;481,28;398,08;406,98;428,78;393,16;401,34;473,11;486,51;519,09;557,31;496,78;402,64;424,73;407,55;403,95;448,79;394,23;387,9;391,82;382,68;391,29;416,52;471,58
;349454719215;;;49;07.12.2024;Samstag;Dezember;2024;9665,54;9,67;379,9;431,13;395,1;509,03;505,74;507,54;554,37;492,9;500,36;482,49;490,4;434,48;383,18;363,36;307,75;296,56;332,89;263,12;350,94;357,19;337,28;321,88;344,2;323,75
;349454719215;;;49;06.12.2024;Freitag;Dezember;2024;9987,46;9,99;647,15;678,26;549,04;523,65;503,45;475,34;501,98;789,89;871,01;899,78;729,86;609,35;184,37;58,81;32,58;24,13;109,35;157,36;190,8;261,96;254,24;311,78;301,13;322,19
;349454719215;;;49;05.12.2024;Donnerstag;Dezember;2024;19552,21;19,55;767,99;785,49;694,89;690,52;656,33;659,77;1257,9;1179,84;1057,35;1173,16;543,67;659,42;815,91;943,39;904,31;1139,33;883,62;761,21;652,93;649,44;646,64;671,24;641,28;648,66
;349454719215;;;49;04.12.2024;Mittwoch;Dezember;2024;15305,34;15,3;661,63;704,88;661,27;703,53;663,65;654,35;1221,94;636,4;848,14;1141,88;896,87;825,21;150,74;142,44;567,44;448,83;237,52;327,66;474,27;574,9;629,37;696,88;706,33;729,21
;349454719215;;;49;03.12.2024;Dienstag;Dezember;2024;13829,11;13,83;552,05;617,57;578,22;521,51;505,41;522,46;798,62;476,23;585,94;1062,91;1120,41;685,39;304,01;248,29;527,99;391,67;418,11;461,46;539,11;566,99;582,62;610,45;567,13;584,56
;349454719215;;;49;02.12.2024;Montag;Dezember;2024;13818,27;13,82;388,47;428,26;390,13;345,97;339,16;365,54;1499,35;701,94;582,76;1166,29;924,73;606,53;438,04;712,56;654,42;342,64;420,81;440,38;456,95;475,87;511,64;512,79;541,32;571,72
;349454719215;;;48;01.12.2024;Sonntag;Dezember;2024;13046,57;13,05;667,98;678,25;638,28;610,91;624,52;663,5;650,94;672,13;737,17;727,4;700,05;613,15;413,81;277,14;272,61;279,65;334,59;456,83;497,33;554,12;568,49;506,27;447,17;454,28
;349454719215;;;48;30.11.2024;Samstag;November;2024;14649,62;14,65;681,83;747,64;675,28;678,74;724,07;707,01;729,91;789,69;758,14;758,71;753,71;623,82;486,29;366,15;248,44;269,98;358,58;470,87;511,54;578,9;668,51;664,24;682,58;714,99
;349454719215;;;48;29.11.2024;Freitag;November;2024;13378,86;13,38;553,88;568,81;510,91;546,88;502,83;538,35;1224,65;1226,58;704,59;722,18;603,36;877,68;1191,24;22,48;55,66;21,86;77,75;173,28;332,6;477,02;540,01;591;666,06;649,2
;349454719215;;;48;28.11.2024;Donnerstag;November;2024;12949,64;12,95;586,55;620,45;584,74;632,4;572,34;559,52;930,72;771,91;783,26;561,13;649,55;528,73;344,67;406,6;367,01;338,92;216,85;359,02;474,04;482,54;511,36;568,08;550,1;549,15
;349454719215;;;48;27.11.2024;Mittwoch;November;2024;13262,24;13,26;552,48;610,72;598,96;594,07;627,1;646,63;962,71;666,45;590,7;919,54;520,2;447,54;401,13;441,23;705,58;304,8;333,63;373;424,35;414,33;460,38;525,24;565,45;576,02
;349454719215;;;48;26.11.2024;Dienstag;November;2024;12200,69;12,2;411,62;452,22;412,5;454,84;451,98;463,63;878,57;526,91;511,6;1355,63;702,9;441,57;350,87;293,42;264,16;412,91;513,89;407,79;401,25;423,55;490,07;493,7;515,1;570,01
;349454719215;;;48;25.11.2024;Montag;November;2024;5311,77;5,31;126,22;175,37;160;127,13;129,35;171,87;467,27;250,74;128,05;470,39;248,68;224,32;101,19;409,77;162,95;147,26;27,24;72,91;116,65;203,75;299,4;318,93;354,46;417,87
;349454719215;;;47;24.11.2024;Sonntag;November;2024;7238,83;7,24;626,91;630,8;549,57;466,86;418,79;446,13;406,71;396,18;430,08;380,42;343,75;274,3;251,82;169,05;132,54;180,04;144,84;145,35;141,93;171,81;132,17;119,08;152,8;126,9
;349454719215;;;47;23.11.2024;Samstag;November;2024;18864,35;18,86;880,51;961;876,81;878,86;884,71;851,9;881,32;905,18;868,76;855,43;855,16;758,36;723,4;694,45;690,64;662,02;699,71;755,27;735,45;696,76;695,42;661,12;688,21;703,9
;349454719215;;;47;22.11.2024;Freitag;November;2024;18974,93;18,98;742,56;782,04;785,28;757,33;796,42;901,99;1000,22;962,3;809,13;937,97;785,56;632,85;686,12;664,03;695,74;750,86;781,65;738,93;713,04;765,4;747,53;797,89;878,13;861,96
;349454719215;;;47;21.11.2024;Donnerstag;November;2024;20564,6;20,57;853,16;858,98;803,29;829,54;789,21;789,6;1034,95;1018,15;1589,98;947,65;1007,6;987,17;682,27;852,03;849,39;901,09;785,5;656,02;657,36;680,39;735,46;727,5;742,69;785,62
;349454719215;;;47;20.11.2024;Mittwoch;November;2024;22673,51;22,67;848,27;884,72;853,96;874,69;853,17;845,71;1189,93;1044,37;880,96;1273,19;1008,86;1474,9;1499,19;1109,71;930,7;757,87;624,89;729,09;829,03;819,6;852,12;843,4;819,18;826
;349454719215;;;47;19.11.2024;Dienstag;November;2024;19134,6;19,14;688,19;752,61;714,67;661,45;618,43;544,3;854,89;562,04;1040,62;1276,62;1125,85;1065,65;895,6;823,27;831,4;885,81;728,51;717,09;735,7;679,02;686,39;729,81;738,54;778,14
;349454719215;;;47;18.11.2024;Montag;November;2024;18728,94;18,73;677,84;686,41;634,56;656,09;654,21;669,86;960,69;647,46;1478,88;1565,4;1508,35;906,66;756,89;817,74;426,11;389,88;429,95;601,93;644,62;692,29;745,55;714,41;713,63;749,53
;349454719215;;;46;17.11.2024;Sonntag;November;2024;11732,11;11,73;473,57;533,68;438,15;430,07;436,66;457,47;435,81;448,79;510,05;501,33;492,82;400,97;300,92;246,46;360,71;396,8;504,09;599,99;628,89;616,03;640,46;627,8;625,32;625,27
;349454719215;;;46;16.11.2024;Samstag;November;2024;11162,08;11,16;464,38;487,8;420,32;492,41;476,27;451,75;489,53;435,7;439,34;487,13;447,92;427,24;457,18;441,26;423,18;422,31;457,72;456,72;469,76;529,88;486,23;489,22;523,83;485
;349454719215;;;46;15.11.2024;Freitag;November;2024;8763,77;8,76;405,14;408,24;364,31;365,27;400,94;375,35;670,32;456,19;428,15;366,6;192,14;199,57;176,42;178,24;247,55;317,14;329,12;360,59;419,62;406,01;415,4;437,69;415,94;427,83
;349454719215;;;46;14.11.2024;Donnerstag;November;2024;8863,47;8,86;244,96;265,65;202,9;221,64;207,76;220,17;1047,02;475,15;497,02;137,37;296,05;353,07;217,98;1388,43;214,3;294,08;216,32;264,51;328,91;323,07;332,99;387,32;359,65;367,15
;349454719215;;;46;13.11.2024;Mittwoch;November;2024;9864,21;9,86;461,35;461,87;410;410,16;443,68;413,68;1426,67;998,04;1274,37;712,67;180,79;186,8;148,42;94,81;242,88;588,87;96,73;143,04;148,83;174,74;185,92;234,02;210,89;214,98
;349454719215;;;46;12.11.2024;Dienstag;November;2024;8551,17;8,55;408,18;454,64;410,29;373,41;362,63;402,96;778,53;384,56;647,28;945,85;309,71;179,54;91,83;103,32;120,47;227,57;60,25;154,27;291,24;313,62;341,29;401,59;383,57;404,57
;349454719215;;;46;11.11.2024;Montag;November;2024;10171,92;10,17;399,88;471,29;382,43;380,9;416,98;385,05;1440,33;471,94;437,92;426,32;721,66;680,81;168,82;371,8;240,04;284,86;198,47;238,91;274,8;337,37;317,06;337,7;357,67;428,91
;349454719215;;;45;10.11.2024;Sonntag;November;2024;9774,63;9,78;462,17;544,35;447,07;426,87;475,49;442,3;465,21;470,7;506,42;433,03;408,41;422,98;357,91;328,96;316,71;284,49;301,04;323,28;391,63;371,31;373,63;391,5;429,81;399,36
;349454719215;;;45;09.11.2024;Samstag;November;2024;12128,81;12,13;586,7;608,03;578,77;524,02;530,08;525,95;548,52;502,29;498,83;536,36;499,77;483,81;527,12;461,79;434,65;453,31;435,57;472,08;524,35;478,43;478,29;475,04;497,67;467,38
;349454719215;;;45;08.11.2024;Freitag;November;2024;17729,63;17,73;630,34;704,92;615,67;615,01;647,85;633,69;1531,23;1269,99;690,93;570,2;1158,73;936,36;1171,95;728,17;561,32;538,82;576,09;573,32;582,44;617,97;583,28;576,36;620,73;594,26
;349454719215;;;45;07.11.2024;Donnerstag;November;2024;17626,07;17,63;517,04;549,69;505,48;518,72;571,72;542,67;872,21;1221,63;674,27;2148,14;1963,07;1038,9;488,6;516,88;415,91;456,06;441,76;483,53;551,47;639,09;624,9;611,5;653,7;619,13
;349454719215;;;45;06.11.2024;Mittwoch;November;2024;16341,88;16,34;627,51;564,31;569,34;605,18;574,83;560,86;1282,42;1047,35;784,95;1662,71;1479,35;1045,93;493,97;242,9;460,59;414,99;428,74;685,92;396,36;448,88;476,7;519,23;484,01;484,85
;349454719215;;;45;05.11.2024;Dienstag;November;2024;14731,87;14,73;524,91;593,71;574,31;552,35;527,84;602,7;919,78;772,82;511,57;1048,93;1580,44;702,8;526,37;302,79;597,29;376,14;283,46;332,15;443,89;451,35;546,45;611,32;608,43;611,17
;349454719215;;;45;04.11.2024;Montag;November;2024;19534,7;19,54;758,74;725,43;736,84;777,18;719,22;654,75;1033,3;681,87;2469,44;2508,69;1843,41;316,05;339,86;1036,19;1137,59;814,65;256,34;195,28;253,81;367,64;401,48;445,55;526,23;535,16
;349454719215;;;44;03.11.2024;Sonntag;November;2024;13209,59;13,21;693,13;714,81;765,07;731,84;754,76;825,63;803,51;798,98;851,1;776,2;607,89;310,8;89,01;61,56;69,62;151,96;221,02;350,76;489,3;528,84;580,32;668,86;666,74;697,88
;349454719215;;;44;02.11.2024;Samstag;November;2024;8042,38;8,04;270,22;225,4;221,55;272,35;252,73;260,19;316,35;315,73;328,31;331,17;231,08;191,92;181,86;204,34;175,18;204,05;288,25;326,93;407,51;488,41;594,69;608,17;639,51;706,48
;349454719215;;;44;01.11.2024;Freitag;November;2024;6291,57;6,29;218,96;262,49;233,55;268,39;316,41;302,76;328,61;320,31;326,34;277,79;256,03;269,58;227,84;216,42;242,38;211,15;229,19;245,61;284,26;248,01;246,25;275,09;243,23;240,92
;349454719215;;;44;31.10.2024;Donnerstag;Oktober;2024;5338,11;5,34;317,83;359;389,61;329,95;297,86;309,34;247,18;253,29;272,09;218,06;197,86;200,1;122,11;99,85;98,62;146,19;120,82;143,91;203,19;173,78;184,37;202,8;239,67;210,63
;349454719215;;;44;30.10.2024;Mittwoch;Oktober;2024;4190,81;4,19;127,34;215,99;132,38;140,05;141,68;186,95;462,33;126,84;328,24;368,03;285,17;205,14;83,57;87,2;162,64;172,5;21,17;47,96;25,91;92,2;105,29;157,35;248,5;266,38
;349454719215;;;44;29.10.2024;Dienstag;Oktober;2024;4175,91;4,18;158,66;218,39;201,41;169,72;171,12;212,71;445,65;214,45;239,53;447,79;372,41;230,64;112,05;126,05;114,87;204,3;23,64;22,48;21,92;68,62;56,6;87,08;137,16;118,66
;349454719215;;;44;28.10.2024;Montag;Oktober;2024;7554,05;7,55;362,76;471,34;407,9;434,16;463,23;433,83;765,67;386,39;360,62;610,74;305,38;615,68;354,68;353,62;212,21;145;54,51;25,66;51,79;122,35;117,3;142,28;195,25;161,7
;349454719215;;;43;27.10.2024;Sonntag;Oktober;2024;5033,83;5,03;282,58;296,76;328,77;297,51;283,86;275,65;303,72;254,13;231,84;245,28;184,54;146,69;89,75;24,16;22,8;56,17;22,73;32,86;86,28;182,49;187,67;225,02;296,9;310,86
;349454719215;;;43;26.10.2024;Samstag;Oktober;2024;4972,02;4,97;266,93;292,04;387,27;355,8;416,99;392,12;397,05;404,03;447,98;387,2;313,38;229,96;57,44;16,48;55,69;22,9;23,12;22,73;57,42;22,37;22,4;86,43;110,92;183,37
;349454719215;;;43;25.10.2024;Freitag;Oktober;2024;4784,67;4,79;255,39;279,05;301,86;273,44;348,83;341,1;622,12;260,19;275,97;523,71;519,38;176,05;61,96;23,93;56,34;23,59;25,79;60,64;24,52;22,84;22,43;63,08;73,66;148,8
;349454719215;;;43;24.10.2024;Donnerstag;Oktober;2024;8284,49;8,28;490,54;463,48;519,27;497,97;457,05;465,46;742,65;728;770,65;473,62;525,59;474,64;131,56;264,11;101,68;91,2;33,56;32,72;75,47;71,99;136,81;193,2;272,69;270,58
;349454719215;;;43;23.10.2024;Mittwoch;Oktober;2024;8870,71;8,87;350,9;374,34;494,8;412,3;427,67;459,26;674,57;494,42;195,11;490,61;903,69;567,53;171,67;117,32;262,21;478,2;74,47;124,11;110,24;180,97;268,93;382,04;408,7;446,65
;349454719215;;;43;22.10.2024;Dienstag;Oktober;2024;5420,9;5,42;107,26;138,49;237,31;165,32;193,43;265,07;379,07;275,18;360,75;359,2;521,63;404,38;187,27;218,96;132,94;148,98;24,61;24,99;49,49;156,5;182,24;239,25;289,21;359,37
;349454719215;;;43;21.10.2024;Montag;Oktober;2024;1488,5;1,49;0;0;0;0;0;0;0;0;0;0;125,76;135,01;158,87;372,85;168,03;130,66;57,79;23,48;22,96;55,18;24,2;36,42;63,11;114,18
;349454719215;;;42;15.10.2024;Dienstag;Oktober;2024;6676,5;6,68;560,18;564,34;626,13;630,58;23,23;18,01;1964,79;1359,03;646,88;283,33;0;0;0;0;0;0;0;0;0;0;0;0;0;0
;349454719215;;;42;14.10.2024;Montag;Oktober;2024;10424,22;10,42;478,15;439,85;471,78;448,04;392,64;410,66;552,09;669,22;650,21;408,55;258,58;589,27;574,45;914,79;693,6;500,19;274,77;113,7;17,9;80,6;206,58;370,67;420,06;487,87
;349454719215;;;41;13.10.2024;Sonntag;Oktober;2024;8293,73;8,29;385,58;386,51;370,37;315,32;374,06;484,21;508,08;553,1;594,6;524,55;418,12;324,51;182,91;110,2;129,68;96,75;123,14;199,1;202,49;266,8;388,98;423,61;469,44;461,62
;349454719215;;;41;12.10.2024;Samstag;Oktober;2024;9579,58;9,58;528;592,03;617,42;631,26;596,42;619,67;636,98;705,51;723,88;615,98;493,3;270,23;137,08;129,2;84,49;111,23;154,04;137,17;160,88;254;286,52;300,68;398,79;394,82
;349454719215;;;41;11.10.2024;Freitag;Oktober;2024;9215,3;9,21;524,64;488,69;558,64;568,28;561,92;600,9;949,16;1116,99;615,43;348,55;169,96;391,23;174,43;32,09;32,33;58,92;29,05;35,49;87,68;212,76;298,65;389,86;474,14;495,51
;349454719215;;;41;10.10.2024;Donnerstag;Oktober;2024;4539,55;4,54;59,2;33,86;107,86;115,23;99,3;115,47;347,39;140,11;186,98;407,79;137,66;189,19;86,75;118,74;144,8;105,62;23,42;41,75;146,91;224,43;323,37;440,64;452,81;490,27
;349454719215;;;41;09.10.2024;Mittwoch;Oktober;2024;3646,55;3,65;22,04;49,97;181,19;137,01;160;210,67;363,18;236,76;394,61;265,6;243,83;163,75;133,2;192,27;399,52;179,92;92,26;53,57;22,16;22,44;55,59;22,27;22,32;22,42
;349454719215;;;41;08.10.2024;Dienstag;Oktober;2024;1885,06;1,89;55,04;31,11;93,33;88,08;61,18;73,84;175,78;156,93;133,78;149,97;116,32;125,69;99,3;77,61;67,89;98,92;56,38;23,05;22,49;22,47;54,78;22,4;22,25;56,47
;349454719215;;;41;07.10.2024;Montag;Oktober;2024;4708,17;4,71;279,15;317,5;400,96;272,9;259,77;287,02;572,11;331,3;195,03;184,89;117,76;178,36;155,71;498,72;145,84;265,9;23,62;54,98;22,57;22,51;22,28;54,74;22,27;22,28
;349454719215;;;40;06.10.2024;Sonntag;Oktober;2024;6348,4;6,35;367,74;399,29;504,36;427,34;444,34;466,09;516,31;480,06;478,51;441,84;218,2;107,59;127,86;92,97;91,56;91,54;127,53;91,79;91,93;125,89;93,71;121,95;175,64;264,36
;349454719215;;;40;05.10.2024;Samstag;Oktober;2024;7120,72;7,12;320,23;370,28;491,48;454,65;531,55;518,46;537,85;577,23;556,54;513,09;422,99;181,16;94,2;125,58;92,89;93,27;93,14;127,23;92,97;93,05;140,79;158,71;214,29;319,09
;349454719215;;;40;04.10.2024;Freitag;Oktober;2024;7607,11;7,61;423,78;445,05;549,6;566,28;557,67;581,5;1015,27;407,99;415,51;750,28;322,94;184,42;96,42;93,16;126,28;93,51;93,5;93,44;126,41;93,54;93,13;131,69;140,58;205,16
;349454719215;;;40;03.10.2024;Donnerstag;Oktober;2024;6114,04;6,11;488,97;475,98;536,68;491,06;444,5;440,21;475,16;542,72;489,33;340,62;137,53;22,66;22,71;22,58;56,77;22,6;22,59;56,98;29,83;82,52;173,5;191,43;238,5;308,61
;349454719215;;;40;02.10.2024;Mittwoch;Oktober;2024;6621,59;6,62;184,97;231,38;259,66;225,31;267,1;565,51;316,6;302,68;322,85;320,44;322,83;324,99;134,97;159,98;161,86;219,05;175,72;201,29;259,41;249,33;283,6;349,25;368,09;414,72
;349454719215;;;40;01.10.2024;Dienstag;Oktober;2024;5934,73;5,93;253,21;226,99;253,68;212,91;175,39;182,32;543,66;153,72;702,67;488,14;357,69;452,98;435,21;468,43;275,81;143,54;27,02;22,26;55,03;30,62;50,02;129,95;132,63;160,85
;349454719215;;;40;30.09.2024;Montag;September;2024;8634,9;8,63;21,31;14,04;109,32;14;21,67;53,09;1858,77;1393,31;947,29;1591,88;570,94;195,62;123,59;321,55;121,16;138,72;23,3;55,12;22,95;84,05;196,7;221,12;244,32;291,08
;349454719215;;;39;29.09.2024;Sonntag;September;2024;768,81;0,77;21,4;14,1;110,1;14,01;21,97;48,1;14,04;22,31;45,92;13,93;23,09;49,08;22,51;14,31;56,3;21,63;21,31;47,39;21,13;21,26;53,37;19,34;15,98;56,23
;349454719215;;;39;28.09.2024;Samstag;September;2024;770,72;0,77;21,26;21,39;98,54;21,17;21,36;46,99;21,38;13,96;53,39;14,07;21,73;52,27;15,71;21,74;54,08;14,43;20,98;56,69;21,11;21,15;48,51;21,37;21,35;46,09
;349454719215;;;39;27.09.2024;Freitag;September;2024;1933,86;1,93;56,2;21,52;68,13;56,43;21,4;31,3;402,26;194,33;156,11;182;117,25;146,65;116,05;22,27;55,89;22,83;21,24;56,7;21,15;21,26;53,52;21,12;14,46;53,79
;349454719215;;;39;26.09.2024;Donnerstag;September;2024;2666,26;2,67;21,29;58,84;70,44;21,31;54,38;21,96;144,67;317,1;323,72;370,62;136,95;142,77;161,13;139,63;122,59;298,14;44,3;53,63;22,22;22,2;52,89;21,88;21,86;21,74
;349454719215;;;39;25.09.2024;Mittwoch;September;2024;2569,63;2,57;55,14;21,61;70,38;21,43;53,78;22,08;350,52;168,64;197,69;395,44;319,6;125,69;123,16;130,74;125,14;151,21;21,39;22,08;54,04;21,59;21,48;21,55;53,81;21,44
;349454719215;;;39;24.09.2024;Dienstag;September;2024;2091,62;2,09;55,49;22,61;71,72;26,7;56,03;22,3;374,27;182,83;253,02;144,98;159,66;155,04;214,49;23,31;54,41;23,76;22,98;53,93;21,97;22,71;27,11;59,01;21,65;21,64
;349454719215;;;39;23.09.2024;Montag;September;2024;2734,8;2,73;22,51;22,39;70,65;56,35;24,22;22;394,66;200,9;156,81;409,44;201,01;174,16;58,8;260,46;187,93;211,69;30,5;53,52;23;23,1;29,95;55,11;22,82;22,82
;349454719215;;;38;22.09.2024;Sonntag;September;2024;872,92;0,87;21,61;21,55;103,27;21,38;21,49;55,44;21,32;21,35;54,08;21,26;21,42;21,44;54,26;21,94;22,32;19,08;105,3;29,74;23,28;59,45;22,75;30,11;22,65;56,43
;349454719215;;;38;21.09.2024;Samstag;September;2024;827,94;0,83;27,89;55,76;70,01;21,44;55,2;21,24;21,42;61,28;21,91;15,43;20,52;54,46;21,46;21,64;22,7;61,85;22,34;22,31;22;57,2;28,19;22,61;57,49;21,59
;349454719215;;;38;20.09.2024;Freitag;September;2024;1905,99;1,91;21,72;21,72;106,8;21,39;21,53;21,57;168,94;306,31;197,08;189,81;152,03;249,63;63,87;29,69;57,27;22,63;22,44;22,51;61,1;25,62;21,9;55,87;21,84;22,72
;349454719215;;;38;19.09.2024;Donnerstag;September;2024;2423,02;2,42;21,55;59,36;72,29;21,4;54,19;21,38;126,37;159,21;327,88;407,3;195,64;148,35;78,39;192,94;94,08;139,56;78,63;22,4;22,28;22,29;55,12;22,08;21,77;58,56
;349454719215;;;38;18.09.2024;Mittwoch;September;2024;2875,17;2,88;21,55;25,27;111,81;21,72;21,21;21,44;633,89;276,44;180,1;344,3;317,96;191,04;63,3;64,41;197,68;132,07;22,83;22,31;54,61;28,94;21,69;57,33;21,64;21,63
;349454719215;;;38;17.09.2024;Dienstag;September;2024;2431,41;2,43;57,24;25,01;69,78;21,41;54,64;21,39;395,43;214,68;259,46;338,57;206;158,49;103,83;60,11;110,84;52,45;56,96;22,14;24,31;55,1;26,06;21,54;21,65;54,32
;349454719215;;;38;16.09.2024;Montag;September;2024;2902,06;2,9;21,25;55,52;70,76;21,16;53,37;21,27;546,3;213,89;200,66;418,03;192,43;158,54;96,26;286,47;127,84;150,46;38,76;58,55;22,46;21,79;29,03;54,14;21,58;21,54
;349454719215;;;37;15.09.2024;Sonntag;September;2024;763,78;0,76;20,95;21;65,78;55,38;21,15;16,71;51,58;21,41;14,24;54,6;14,33;21,99;54,11;21,54;21,51;53,94;18,37;21,31;21,34;54,27;21,27;21,36;54,33;21,31
;349454719215;;;37;14.09.2024;Samstag;September;2024;817,85;0,82;21,07;54,46;72,21;21,11;47,14;21,17;21,42;46,55;21,18;21,33;50,86;18,73;21,6;53,97;21,51;21,42;59,19;21,36;21,52;21,36;56,72;21,27;21,15;59,55
;349454719215;;;37;13.09.2024;Freitag;September;2024;6631,06;6,63;271,68;284,56;378,9;366,51;383,24;469,68;1349,51;1199,39;868,47;353,72;130,17;170,53;57,24;22,18;56,76;22,17;21,71;21,69;61,01;21,6;21,43;21,46;56,24;21,21
;349454719215;;;37;12.09.2024;Donnerstag;September;2024;6672,81;6,67;55,48;19,6;70,75;46,92;19,71;146,39;2312,67;1711,81;508,96;268,44;198,06;224,51;127,01;180,3;162,82;155,5;22,83;21,99;54,18;21,77;21,9;71,84;79,31;170,06
;349454719215;;;37;11.09.2024;Mittwoch;September;2024;3249,23;3,25;18,72;49,84;65,39;19,33;52,53;30,6;649,94;203,42;163,94;379,33;198,42;159,42;714,52;160,05;84,18;74,66;23,56;52,88;20,25;20,08;55,91;19,78;19,58;12,9
;349454719215;;;37;10.09.2024;Dienstag;September;2024;1950,27;1,95;20,11;20,13;74,25;64,3;19,78;20,84;296,64;131,43;291,49;274,23;161,66;164,69;77,15;21,54;21,58;55,01;21,02;21,43;59,26;22,27;20,07;19,82;52;19,57
;349454719215;;;37;09.09.2024;Montag;September;2024;2740,06;2,74;54,89;19,69;68,32;26,76;52,56;20,03;404,58;247,57;206,08;366,76;194,85;217,02;87,58;256,39;115,7;115,32;57,2;23,79;21,12;28,98;52,53;20,89;28,42;53,03
;349454719215;;;36;08.09.2024;Sonntag;September;2024;803,76;0,8;64,35;20,63;68,01;28,13;53,71;20,18;26,64;21,14;53,8;19,97;25,32;22,2;53,68;20,59;28,73;20,78;54,11;28,87;20,77;20,68;62,22;20,52;20,55;28,18
;349454719215;;;36;07.09.2024;Samstag;September;2024;798,29;0,8;54,02;22,83;73,84;20,53;56,3;28,03;20,18;20,1;52,75;27,48;19,93;20,03;53,59;27,73;20,68;20,67;63,14;20,84;21,14;29,01;54,86;28,35;21,54;20,72
;349454719215;;;36;06.09.2024;Freitag;September;2024;1835,68;1,84;29;20,84;109,77;20,53;20,58;29,14;415,62;159,05;127,75;160,07;168,84;152,15;70,58;23,04;33,05;22,78;64,66;21,81;30,22;21,4;62,44;22,08;21,02;29,26
;349454719215;;;36;05.09.2024;Donnerstag;September;2024;2862,29;2,86;19,95;55,72;68,12;27,1;19,89;59,73;150,46;145,97;179,63;454,17;225,46;131,71;171,04;291,09;390,29;190,14;41,14;27,03;56,96;23,58;27,73;21,41;62,92;21,05
;349454719215;;;36;04.09.2024;Mittwoch;September;2024;1849,35;1,85;20,69;23,71;108,17;20,66;25,91;23,05;186,5;147,61;275,97;110,48;44,51;98,21;124,62;79,24;185,3;123,48;23,59;21,14;58,76;25;20,07;20,24;59,2;23,24
;349454719215;;;36;03.09.2024;Dienstag;September;2024;3277,32;3,28;29,09;20,92;109,33;20,69;22,2;27,19;185,65;284,18;156,29;205,36;299,67;270,06;332,33;444,19;383,19;216,79;24,89;61,58;21,28;29,46;20,87;50,03;33,31;28,77
;349454719215;;;36;02.09.2024;Montag;September;2024;2841,95;2,84;26,41;19,94;96,89;25,41;19,87;19,78;461,72;211,89;171,54;375,89;171,25;167,59;188,76;287,54;157,13;164,04;67,56;21,86;29,82;21,59;29,34;55,61;29,48;21,04
;349454719215;;;35;01.09.2024;Sonntag;September;2024;795,26;0,8;19,9;52,9;68,29;19,56;52,88;23,39;22,67;55,22;19,56;19,49;19,59;52,13;19,73;19,77;53,6;27,35;20,15;20,15;66,4;20,59;20,36;27,9;19,64;54,04
;349454719215;;;35;31.08.2024;Samstag;August;2024;789,86;0,79;54,67;26,86;67,41;52,17;19,65;19,53;54,41;19,47;19,48;19,33;56,88;19,4;19,53;24,8;54,56;19,71;19,85;53,28;23,16;23,55;19,72;55,78;19,79;26,87
;349454719215;;;35;30.08.2024;Freitag;August;2024;1789,31;1,79;23,91;59,03;65,45;28,34;20,42;53,95;170,51;208,66;260,58;218;138,3;135,42;91,39;28,01;20,89;19,87;57,69;27,48;20,16;19,85;57,31;24,22;20,02;19,85
;349454719215;;;35;29.08.2024;Donnerstag;August;2024;2810,13;2,81;61,69;20,73;74,35;22,01;53,8;32,4;184,14;146,06;248,12;70,05;178,29;314,13;313,35;307,32;288,86;215,44;59,59;30,73;21,67;30,26;25,75;60,33;27,21;23,85
;349454719215;;;35;28.08.2024;Mittwoch;August;2024;2980,58;2,98;22,84;20,35;108,16;19,91;19,88;26,55;176;137,77;347,33;351,74;151,7;174,01;181,14;381,34;341,28;260,55;54,75;29,27;21,2;29,37;54,33;26,23;23,89;20,99
;349454719215;;;35;27.08.2024;Dienstag;August;2024;3485,61;3,49;28,92;33,08;114,98;28,31;28,68;62,39;401,67;252,45;600,05;546,17;290,14;270,95;153,22;165,4;184,13;57,11;21,97;29,6;56,01;29,06;20,62;28,52;56,42;25,76
;349454719215;;;35;26.08.2024;Montag;August;2024;2898,5;2,9;53,28;19,85;20,21;60,28;19,55;19,62;414,85;276,08;150,81;519,58;160,91;153,37;150,22;140,14;179,37;239,39;31,12;29,44;72,74;29,51;29,24;34,05;65,84;29,05
;349454719215;;;34;25.08.2024;Sonntag;August;2024;733,48;0,73;20,8;53,4;28,07;20,08;53,18;21,8;25,42;19,74;56,03;19,73;19,92;27,14;54,35;20,04;20,09;28,23;54,5;20,28;28,01;20,03;55,23;22,64;24,94;19,83
;349454719215;;;34;24.08.2024;Samstag;August;2024;793,78;0,79;67,86;34,69;33,14;20,25;56,5;27,51;19,89;19,8;54,93;26,28;20,89;20,04;53,88;25,85;22,95;20,71;61,95;21,87;21,61;28,67;55,81;29,27;20,86;28,57
;349454719215;;;34;23.08.2024;Freitag;August;2024;2357,55;2,36;27,79;20,13;101,35;25,93;21,55;28,7;455,16;227,04;142,4;165,4;131,23;199,34;280,44;79,26;42,68;33,65;75,9;41,25;33,46;41,62;67,09;41,39;33,59;41,2
;349454719215;;;34;22.08.2024;Donnerstag;August;2024;2509,02;2,51;20,06;19,97;102,87;19,82;21,26;57,99;386,44;187,39;320,37;275,17;189,36;185,09;131,01;124,83;124,3;86,72;22,05;66,94;20,95;20,7;25,97;22,83;56,4;20,53
;349454719215;;;34;21.08.2024;Mittwoch;August;2024;2876,34;2,88;21,37;27,81;85,85;20,94;20,96;55,36;498,35;248,37;245,92;136,99;442,72;164,79;81,54;99,14;320,48;121,08;60,57;21,17;22,85;57,39;20,67;20,51;59,17;22,34
;349454719215;;;34;20.08.2024;Dienstag;August;2024;2591,44;2,59;54,99;28,26;67,87;20,05;52,85;20,02;503,4;147,34;171,55;521,75;179,04;133,89;66,55;130,13;109,27;116,72;28,78;24,75;55,57;30,04;21,59;21,69;63,87;21,47
;349454719215;;;34;19.08.2024;Montag;August;2024;2596,62;2,6;24,11;53,91;68,04;19,74;19,74;53,16;392,07;183,88;505,2;440,02;123,71;128,93;108,59;83,76;61,25;70,12;62,91;22,34;21,04;29,32;20,79;56,59;26,67;20,73
;349454719215;;;33;18.08.2024;Sonntag;August;2024;755,44;0,76;20,11;25,96;102,05;19,7;19,8;19,75;54,04;19,68;19,73;19,73;55,68;19,47;19,84;57,49;23,19;19,92;20,04;55,52;20,06;26,86;20,52;53,39;19,98;22,93
;349454719215;;;33;17.08.2024;Samstag;August;2024;801,22;0,8;60,79;20,52;67,83;19,93;59,87;22,66;20,06;19,81;54,06;19,96;27,22;53,58;19,92;19,89;20,06;53,2;27,45;20,06;20,11;52,48;26,63;20,86;19,98;54,29
;349454719215;;;33;16.08.2024;Freitag;August;2024;1923,66;1,92;29,9;36,64;114,19;29,62;33,45;33,66;394,89;139,25;183,29;163,12;165,82;164,59;118,56;25,49;21,6;21,06;60,25;22,59;20,53;20,75;62,85;20,66;20,58;20,32
;349454719215;;;33;15.08.2024;Donnerstag;August;2024;2880,21;2,88;56,14;29,69;68,39;28,91;56,17;21,3;412,43;165,38;149,7;372,26;160,64;139,72;138,6;135,6;90,71;58,83;495,8;30,68;69,1;30,22;37,56;30,95;64,68;36,75
;349454719215;;;33;14.08.2024;Mittwoch;August;2024;2384,17;2,38;31,07;55,52;75,91;22,44;25,04;26,17;462,88;199,54;176,73;329,31;154,92;188,6;122,92;94,55;67;78,84;61,05;22,14;30,25;21,82;63,94;21,77;28,12;23,64
;349454719215;;;33;13.08.2024;Dienstag;August;2024;4020,74;4,02;54,4;27,07;19,9;28,23;62,71;20,9;358,81;191,22;199,95;355,17;389,37;499,16;400,65;459,96;415,87;257,06;60,73;23,81;27,9;25,47;64,27;24,41;30,71;23,01
;349454719215;;;33;12.08.2024;Montag;August;2024;2027,22;2,03;19,53;25,13;21,06;54,52;24,28;20,63;307,22;131,69;155,31;287,12;248,94;199,42;41,92;62,36;117,84;51,91;56,36;23,81;27,81;20,68;60,03;20,84;25,76;23,05
;349454719215;;;32;11.08.2024;Sonntag;August;2024;749,47;0,75;22,2;57,7;18,98;18,86;26,56;53,86;18,23;18,21;25,73;61,84;18,73;19,36;27,36;19,66;53,62;28,48;20;28,43;19,77;63,01;19,88;28,27;19,73;61
;349454719215;;;32;10.08.2024;Samstag;August;2024;698,4;0,7;18,8;52,2;25,8;18,1;51,8;18;18;17,9;52,7;18;21,9;22,2;52;19,1;19;27,4;54,5;19,5;26,7;21;57,5;24,8;22,3;19,2
;349454719215;;;32;09.08.2024;Freitag;August;2024;1868,7;1,87;56,4;20,5;75,8;20,2;63,6;20,2;365,9;143,3;140,9;224,5;145;167,5;84,2;54,5;19,4;20,3;26;55,3;19,4;27,3;19,3;53,1;26,9;19,2
;349454719215;;;32;08.08.2024;Donnerstag;August;2024;1866,3;1,87;20,5;28,4;67,7;52,9;20;20;22,4;60,2;343,8;315,4;166,5;150;125,9;41,2;62,8;110;54,8;29,1;21;20,7;63,1;20,7;21,2;28
;349454719215;;;32;07.08.2024;Mittwoch;August;2024;2417,2;2,42;25,3;58,9;73,5;21,3;29,8;22,9;371,6;175,2;106,3;114,2;183,6;123,7;146;410,1;151,5;139,4;30,6;21,7;21;61,7;20,8;24,8;24,8;58,5
;349454719215;;;32;06.08.2024;Dienstag;August;2024;2660,64;2,66;25,5;55,54;72,93;23,3;20,48;56,88;611,46;161,95;221,2;179,6;173,5;167;197;144,3;157,4;103,3;64,9;23;32,4;25,6;29,2;59,6;26,9;27,7
;349454719215;;;32;05.08.2024;Montag;August;2024;1620,29;1,62;18,35;18,34;58,18;19,9;18,06;39,83;409,87;161,99;81,83;66,18;31,23;31,08;90,28;74,78;140,4;94,29;29,95;57,53;22,56;27,52;21;62,19;20,91;24,04
;349454719215;;;31;04.08.2024;Sonntag;August;2024;695,32;0,69;18,91;18,88;59,75;18,79;18,35;18,02;56,96;20,61;18,15;18,28;51,48;20,63;23,73;19,02;53,41;23,89;22,35;18,93;52,75;26,75;19,01;18,93;59,13;18,61
;349454719215;;;31;03.08.2024;Samstag;August;2024;719,37;0,72;19,53;19,53;65,26;19,11;18,77;26,16;52,48;18,25;18,59;19,76;57,77;18,91;19,38;24,23;57,11;19,54;25,57;21,14;52,15;26,37;20,11;18,97;59,64;21,04
;349454719215;;;31;02.08.2024;Freitag;August;2024;1984,61;1,99;28,07;21,08;101,47;28,23;20,4;59,67;343,07;173,53;236,73;182,75;218,17;130,1;78,43;52,09;23,57;23,98;19,66;62,89;19,74;28,29;19,81;65,43;19,59;27,86
;349454719215;;;31;01.08.2024;Donnerstag;August;2024;2389,21;2,39;20,96;21,03;67,45;59,72;24,11;20,3;383,65;201,23;246,18;210,11;203,36;267,57;95,08;142,23;71,02;84,17;28,33;56,41;29,87;21,25;29,33;56,32;28,71;20,82
;349454719215;;;31;31.07.2024;Mittwoch;Juli;2024;2810,34;2,81;22,34;64,74;71,8;25,42;23,37;70,35;446,93;241,08;138,36;482,05;225,71;244,59;139,45;148,14;105,26;92,09;32,02;22;55,25;30,45;21,51;21,41;24,42;61,6
;349454719215;;;31;30.07.2024;Dienstag;Juli;2024;2744,2;2,74;20,95;20,81;108,32;21,61;20,18;19,99;459,56;272,08;196,23;212,74;319,18;200,72;135,12;204,45;141,87;125,75;23,7;31,59;32,92;23,15;66,48;31,34;23,99;31,47
