Raum/Baustelle;GeräteName;GeräteID;Kostenstelle;KW;Ablesedatum;Wochentag;Monat;Jahr;Verbrach [Wh];Verbrauch [kWh];01:00;02:00;03:00;04:00;05:00;06:00;07:00;08:00;09:00;10:00;11:00;12:00;13:00;14:00;15:00;16:00;17:00;18:00;19:00;20:00;21:00;22:00;23:00;24:00
;;483fdac39423;;51;19.12.2025;Freitag;Dezember;2025;71537,57;71,54;1903,08;1717,01;2316,88;2587,71;1572,46;3439,79;1754,22;1442,47;1486,2;1809,57;1520,99;2504,24;3258,66;3130,02;2748,17;2928,65;2972,69;3769;3810,11;4046,45;5555;6103,6;4621,4;4539,2
;;483fdac39423;;51;18.12.2025;Donnerstag;Dezember;2025;69630,24;69,63;2340,32;2628,18;2503,7;4123,48;2956,76;3023,18;3260,32;3052,06;3049,15;4011,27;4546,17;4261,33;3046,48;1618,21;3005,39;2410,96;1436,29;3240,26;2548,43;3312,63;3056,91;2375,09;1644,55;2179,12
;;483fdac39423;;51;17.12.2025;Mittwoch;Dezember;2025;69815,62;69,82;2442,38;3712,36;2606,03;3124,12;2871,7;2711,59;3398,76;3149,43;4820,22;5583,33;3903,08;2643,71;2871,98;2101,69;1958,78;2098,74;1950,61;2264,58;2269,24;1796,67;3833,39;3060,71;2276,65;2365,87
;;483fdac39423;;51;16.12.2025;Dienstag;Dezember;2025;73319,44;73,32;4417,89;4533,43;3546,74;3498,53;3188,08;3106,65;3166,14;4684,61;3307,05;4179,26;4147,78;1670,25;2121,8;963,98;1246,61;2145,11;1492,13;2173,41;3840,17;2931,33;5353,16;2395,21;2676,27;2533,85
;;483fdac39423;;51;15.12.2025;Montag;Dezember;2025;83798,13;83,8;3345,13;2527,25;2954,87;3140,37;3481,91;3312,12;4668,36;3379,71;5430,73;4665,11;3309,72;3288,79;3036,21;1740,44;2832,76;2051,76;4797,45;3224,94;3341,94;4244,88;5566,28;3217,6;3236,3;3003,5
;;483fdac39423;;50;14.12.2025;Sonntag;Dezember;2025;67877,35;67,88;2931;2791,7;3921,92;2747,48;2847,7;3490,46;2816,84;2833,15;5727,62;2535,92;2841,32;2036,47;2030,98;1869,61;1384,67;1588,75;3521,3;2598,24;2892,36;2488,65;2798,71;2731,29;2477,94;3973,27
;;483fdac39423;;50;13.12.2025;Samstag;Dezember;2025;61244,9;61,24;4402,2;2033,9;2391,2;2028,2;2399,8;2075,1;2454,4;1765,3;2370,3;2508,7;1678,3;1736,7;1834,6;1698,6;1368,6;2067,3;3579,3;2589,6;3385,2;4020,8;3522,7;3022,6;3168,2;3143,3
;;483fdac39423;;50;12.12.2025;Freitag;Dezember;2025;94117,05;94,12;4353,87;4897,72;3648,01;3646,26;4036,08;4060,14;3801,28;4719,41;3921,79;6568,6;5412,61;1988,13;5529,79;4228,3;3405,97;3748,2;4112,32;7833,04;2842,84;2242,79;2319,8;2341,8;1969,9;2488,4
;;483fdac39423;;50;11.12.2025;Donnerstag;Dezember;2025;85768,97;85,77;2016,81;3560,59;2194,4;2475,4;2180,18;2523,04;2805,53;2704,69;2465,42;3742,35;5034,54;4939,77;2894,03;2224,84;2373,26;2738,16;3339,4;5894,11;4642,3;6749,34;6379,74;4789,82;3735,68;3365,57
;;483fdac39423;;50;10.12.2025;Mittwoch;Dezember;2025;43527,59;43,53;1710,78;1509,04;2645,54;1475,36;1465,61;1639,07;2469,8;1386,33;1449,91;2033,84;2262,44;2269,21;1076,32;1166,5;2492,83;1169,14;1040,65;1711,97;1631,06;1658,03;3089,58;1544,73;1874,51;2755,34
;;483fdac39423;;50;09.12.2025;Dienstag;Dezember;2025;55256,56;55,26;3882,23;3002,43;3710,56;2908,73;3278,76;1638,7;1426,95;1393,84;3592,92;1464,18;3790,82;1615,51;1387,21;1034,7;2410,17;1442,24;757,27;1229,74;1432,65;2787,24;5061,53;1622,39;1575,38;2810,41
;;483fdac39423;;50;08.12.2025;Montag;Dezember;2025;59174,14;59,17;1563,93;1624,13;2049,23;3545,69;1764,87;1456,33;1703,68;2027,43;1815,79;3082,46;2070,29;1001,93;1440,3;2159,8;1144,68;1327,17;2976,61;3000,78;2816,44;4800,45;4879,1;5567,31;2514,36;2841,38
;;483fdac39423;;49;07.12.2025;Sonntag;Dezember;2025;50255,38;50,26;2033,2;2314,88;1939,35;2280,59;2285,78;2149,53;1999,51;2437,72;1937,18;1950,94;3824,04;1885,16;1283,37;2918,52;1732,94;1848,67;1982,6;1463,11;2025,99;1936,17;1861,67;2276,54;2358,28;1529,64
;;483fdac39423;;49;06.12.2025;Samstag;Dezember;2025;76991,8;76,99;3429,5;3783,2;3474,7;5082,6;3467,6;3399,7;3459,2;3200;3709,7;3146,9;3475,8;3034,3;3168,3;2940,9;2573,8;2740,9;4105,7;2864,8;3950,6;2504,7;2472,7;2270;2417,1;2319,1
;;483fdac39423;;49;05.12.2025;Freitag;Dezember;2025;89686,72;89,69;4149,55;3957,08;4613,77;5277,79;3687,57;3942,98;3737,66;3824,38;3883,06;5720,63;4242,29;5214,37;2628,44;3724,05;3224,45;2552,13;2949,14;2721,4;3164,65;2790,03;4298,6;2967,7;3042,6;3372,4
;;483fdac39423;;49;04.12.2025;Donnerstag;Dezember;2025;83466,94;83,47;3333,61;2494,88;2396,17;2885,84;2564,03;3481,07;2900,73;2707,57;4098,6;2891,78;3022,36;2704,66;3675,05;4336,53;4729,05;3138,23;2995,54;3229,58;3869,91;3770,7;6079,87;4214,57;3848,08;4098,53
;;483fdac39423;;49;03.12.2025;Mittwoch;Dezember;2025;66117,95;66,12;3298,06;2515,74;2580,72;2365,14;3673,01;2454,44;3081,47;3369,01;2335,84;1934,95;2425,63;2166,42;1652,3;2621,85;2105,73;2942,98;1668,05;2188,43;4177,32;2515,51;6109,53;3762,43;2015,48;2157,91
;;483fdac39423;;49;02.12.2025;Dienstag;Dezember;2025;79779,24;79,78;4335,19;2866,86;3164,12;2902,45;3193,82;3170,36;5812,12;5511;4234,32;3081,81;3006,23;3291,96;3105,17;3446,69;2699,2;2276,4;2693,62;2749,35;2884,32;4098,61;3765,92;3137,48;2028,92;2323,32
;;483fdac39423;;49;01.12.2025;Montag;Dezember;2025;90786,71;90,79;3313,29;3305,31;3513,74;3179,45;4782,61;3450,25;3375,17;4196,61;5003,76;4429,46;2979,28;1888;2383,98;2395,55;3322,63;3630,13;3952,77;4828,89;4607,02;7516,2;5730,78;2927,84;3203,17;2870,82
;;483fdac39423;;48;30.11.2025;Sonntag;November;2025;61190,06;61,19;1939,1;1744,08;1724;1818,65;1802,81;2093,51;2695,55;2239,31;4162,92;2386,88;2191,55;2223,31;1491,93;3161,67;1948,61;2112,03;2627,13;2923,24;3170,42;3111,33;3050,62;4483,67;2937,59;3150,15
;;483fdac39423;;48;29.11.2025;Samstag;November;2025;54367,7;54,37;2124,3;2099,1;1837,6;2057,9;2363,5;1813,8;2062,4;2362,6;5080,9;1796,1;1730,6;2028,6;1467,5;2105;2009,8;1792,6;2062,9;2078;2189,9;2471,3;3165;1779,9;3058,9;2829,5
;;483fdac39423;;48;28.11.2025;Freitag;November;2025;72378,64;72,38;2286,68;2516,84;2860,9;2572,24;3925,75;2744,76;2401,42;3063,07;3874,4;3490,14;2447,83;3627,13;3685,87;3933,04;4125,12;3522,67;2749,72;2885,67;5360,87;2124,02;1870,9;1949;2098,7;2261,9
;;483fdac39423;;48;27.11.2025;Donnerstag;November;2025;107088,83;107,09;4251,34;3786,25;4171,84;3931,91;5307,22;4770,18;4373,85;4743,74;4034,32;6973,68;5401,47;4353,14;4152,94;4045,83;3831,52;3569,23;6723,11;5336,77;5268,52;5021,24;4926,98;2962,87;2565,77;2585,11
;;483fdac39423;;48;26.11.2025;Mittwoch;November;2025;89835,64;89,84;3326,31;4162,25;4555,75;3667,78;3043,24;3380,82;3646,85;3551,45;4179,79;4274,06;4378,76;2600,29;1764,91;1956,03;2071,88;2438,69;2981,87;3341,81;3494,52;5067,94;6649,97;6407,76;3917,03;4975,88
;;483fdac39423;;48;25.11.2025;Dienstag;November;2025;93747,22;93,75;3293,94;2973,68;3040,42;4080,93;3448,97;3058,04;3086,41;3237,68;3365,73;5339,87;4376,82;3799,91;3247,81;5079,98;3040,14;4579,02;4772,71;4629,23;5142,39;5974,72;6272,87;2452,1;2508,57;2945,28
;;483fdac39423;;48;24.11.2025;Montag;November;2025;88324,03;88,32;4078,23;4043,77;4071,29;3470,88;3965,69;3719,97;3646,29;4175,57;4696,68;5195,41;5523,95;3106,53;3180,49;3368,63;2399,64;2394,23;2966,92;5037,56;2783,98;3095,36;3917,83;3608,7;2807,85;3068,58
;;483fdac39423;;47;23.11.2025;Sonntag;November;2025;115872,44;115,87;4838,5;4971,56;6682,45;5049,26;6143,48;6033,37;5103,62;5169,56;4709,68;4753,18;4481,7;4045,54;4134,47;3660,78;3861,15;3758,81;4440,89;4787,65;6480,53;4633,26;4557,05;4548,06;4535,57;4492,32
;;483fdac39423;;47;22.11.2025;Samstag;November;2025;104629,1;104,63;5794,5;6035,7;6290;5304,8;4478,8;4584,5;4839,6;4582,7;4707,7;3490,9;4560,5;2533,6;2602,4;2724,5;2609,9;3368,6;3842,6;4051,1;4462,3;4611,7;4835;4458,7;4791,6;5067,4
;;483fdac39423;;47;21.11.2025;Freitag;November;2025;120102,54;120,1;4016,56;4580,58;6167,03;4428,09;4803,42;4825,56;5069,9;5178,21;5235,44;5103,34;3573,41;1862,74;3885,23;5795,41;3888,24;3429,26;5758,39;7175,15;5597,67;6083,51;6052,1;5960,7;5665,5;5967,1
;;483fdac39423;;47;20.11.2025;Donnerstag;November;2025;95431,13;95,43;3415,04;3723,42;3968,89;3782,57;3912,22;5416,78;3846,49;4408,88;4472,95;6050,35;5595,43;3352,6;3138,15;4473,48;2554,76;1822,58;3231,24;4069,54;4272,92;4164,67;4104,24;3777,36;4016,51;3860,06
;;483fdac39423;;47;19.11.2025;Mittwoch;November;2025;93732,28;93,73;3862,8;5021,65;4397,85;3848;3969,46;3575,83;3768,36;3739,05;4613,85;5509,17;4111,03;3941,13;4075,78;3031,56;3500,32;3535,45;3229,91;3425,47;5225,05;3178,73;3335,7;3251,57;3761,38;3657,69
;;483fdac39423;;47;18.11.2025;Dienstag;November;2025;95192,58;95,19;3836,09;3684,45;3428,27;3761,81;4007,27;3961,97;4005,01;3522,29;3932,28;7217,75;2963,58;4909,84;4250,07;3059,09;2781,35;3487,13;4002,1;3433,4;3703,27;3951,38;3976,5;3741,98;4109,28;5466,42
;;483fdac39423;;47;17.11.2025;Montag;November;2025;88868,52;88,87;3778,35;4885,72;3986,81;3450,72;3378,62;3351,76;3452,55;4071,75;4338,55;5012,7;4128,12;3149,55;3167,75;3347,57;2092,31;3416,54;2732,15;4778,38;3673,92;3798,94;3644,85;3585,02;3622,99;4022,9
;;483fdac39423;;46;16.11.2025;Sonntag;November;2025;73375,24;73,38;3011,9;2656,85;2418,5;2767,87;2856,79;2820,44;4601,31;3054,86;2460,27;2813,58;4556,79;2501,25;2477,29;2691,93;2738,25;2518,9;2641,39;3052,82;3050,21;3317,61;3405,95;3901,58;3612,43;3446,47
;;483fdac39423;;46;15.11.2025;Samstag;November;2025;74367,7;74,37;2855,9;4631,4;2716,2;3029,6;3371,3;2846,6;2980,7;3313,3;3129,1;3193,9;3156,3;3381,2;2921,8;2896,8;3099,4;2938,7;2581;4964,9;2919,3;2759,5;2582,3;2993,7;2559,8;2545
;;483fdac39423;;46;14.11.2025;Freitag;November;2025;57786,32;57,79;1313,52;2320,75;1224,29;1139,37;1265,51;1562,62;1425,42;1356,48;1528,35;2850,18;3145,27;1608,55;3243,85;3374,76;3640,69;3952,64;3154,83;2220,01;3496,57;3333,06;2487,7;2834,9;2602,4;2704,6
;;483fdac39423;;46;13.11.2025;Donnerstag;November;2025;37160,97;37,16;2001,57;3200,34;2082,84;1700,65;1740,41;1812,85;1701,66;1894,62;3016,33;4225,37;2451,25;701,23;500,29;1280,86;520,27;372,8;233,63;409,68;801,86;800,89;2615,99;722,31;1121,12;1252,15
;;483fdac39423;;46;12.11.2025;Mittwoch;November;2025;45393,63;45,39;2032,19;3375,77;2037,5;2155,42;3822,53;2015,08;2324,24;2365,63;3384,51;3295,71;3631,09;1091,53;837,28;192,13;422,01;339,04;368,49;572,55;1113,33;1465,12;3503,47;1628,57;1755,38;1665,06
;;483fdac39423;;46;11.11.2025;Dienstag;November;2025;52179,17;52,18;3481,2;2140,53;3030,8;3019,84;2112,1;1612,51;2299,82;3360,6;3696,87;3001,59;2583,55;1638,09;1401,72;683,57;484,58;596,86;652,59;1231,94;1712,58;2535,31;4361,68;2244,26;2121,2;2175,38
;;483fdac39423;;46;10.11.2025;Montag;November;2025;63049,89;63,05;2857,24;2791,52;2703,73;2327,87;2732,51;2610,27;4299,17;3350,44;3609,25;3729,35;2830,6;1535,98;2341,23;1476,32;654,7;1616,03;2857,68;2228,58;3221,69;2907,01;3088,76;2523,9;2475,21;2280,85
;;483fdac39423;;45;09.11.2025;Sonntag;November;2025;36906,69;36,91;1256,8;1367,71;1431,23;1122,06;1207,25;1325,79;1405,47;1336,39;1421,82;989,51;1118,1;1020,27;974,36;790,54;1795,86;1319,56;989,85;1253,71;1389,43;1734,6;2490,15;2079,02;2487,98;4599,23
;;483fdac39423;;45;08.11.2025;Samstag;November;2025;33045,6;33,05;1308,5;1179,5;1632,7;1376,7;1221;1614,9;3188,7;1317;1467,7;1045,5;1190,1;1087,6;636,1;598;2137,1;646,5;1056,9;943,3;1195,2;1054,9;1178,3;2893,9;1993,2;1082,3
;;483fdac39423;;45;07.11.2025;Freitag;November;2025;46675,41;46,67;2697,95;2880,16;3209,45;2920,12;2834,33;3901,37;2457,64;2607,74;3125,59;3306,56;1589,06;884,66;1071,82;2349,4;1352,61;2064,4;605,2;728,42;788,04;805,42;1090,4;1048,6;1061;1218,7
;;483fdac39423;;45;06.11.2025;Donnerstag;November;2025;58499,83;58,5;3332,69;4574,04;3038,28;3165,64;3110,41;3606,14;3231,88;4124,69;4727,58;3080,04;2088,48;1396,8;1253,35;393,45;359,8;629,8;1799,17;963,89;1000,35;1402,53;2111,82;2353,41;2265,02;4481,56
;;483fdac39423;;45;05.11.2025;Mittwoch;November;2025;38305,98;38,31;1516,62;1426,37;2800,12;1708,86;1676,38;1762,63;2042,64;2134,06;2427,47;2440,47;1088,35;1481,6;320,09;126,46;134,38;422,13;1994,38;1852,97;340,86;731,21;2994,2;2398,68;2026,7;2458,35
;;483fdac39423;;45;04.11.2025;Dienstag;November;2025;39251,66;39,25;1811,8;1482,45;2554,88;1599,86;1288,88;1329,63;1411,36;1888,01;1571,86;2210,51;1148,18;770,32;547,1;1707,62;129,91;672,74;2138,57;2208,65;2917,86;960,76;4550,77;1556,68;1244,79;1548,47
;;483fdac39423;;45;03.11.2025;Montag;November;2025;58044,5;58,04;1867,48;1950,06;2247,62;2185,12;2327,69;2796,5;3018,35;4351,88;4358,71;3978,01;2451,37;2034,54;1789,25;1812,87;975,73;1113,65;2588,2;4414,71;1863,34;1450,16;3639,87;1817;1502,46;1466,78
;;483fdac39423;;44;02.11.2025;Sonntag;November;2025;37711,4;37,71;1980,4;1935,28;2049,38;1635,98;2418,19;1870,07;1853,09;2162,04;1519,44;3378,64;873,94;698,66;760,69;344,11;527,72;1039,03;1411,57;852,12;1597,9;1840,7;1737,71;1527,65;2018,88;1678,21
;;483fdac39423;;44;01.11.2025;Samstag;November;2025;39163,8;39,16;2311,3;1866,7;2092,3;2303,5;1985,1;1955,8;2135,1;1523,8;3296,8;1651,6;1178,9;857,8;677,4;653,6;613,8;857,7;1216,2;1172,6;1390,4;1631,2;1676,3;1636,7;1966,9;2512,3
;;483fdac39423;;44;31.10.2025;Freitag;Oktober;2025;52082,5;52,08;2822,52;3814,04;2363,01;2412,23;2852,78;2667,74;2563,02;3215;3834,77;2270,48;1680,17;1247,31;1315,82;802,98;1062,35;631,16;2342,54;1769,75;1634,04;1457,79;1656,8;4153,2;1762,4;1750,6
;;483fdac39423;;44;30.10.2025;Donnerstag;Oktober;2025;49076,44;49,08;1650,3;2540,18;2128;1828,1;1955,84;2027,31;2588,28;3140,16;2684,14;2538,21;1130,84;4047,3;1238,03;628,76;525,18;624,1;2599,33;2795,78;1652,57;1767,11;2004,23;2278,53;2462,23;2241,93
;;483fdac39423;;44;29.10.2025;Mittwoch;Oktober;2025;59235,66;59,24;3372,12;2581,29;2328,89;2582,74;3683,59;2455,85;3943;2328,23;3105,89;3244,95;2625,84;1136,09;2482,82;2053,2;1620,7;1861,46;3127,17;1582;1269,78;2930,93;4150,5;1572,99;1557,75;1637,88
;;483fdac39423;;44;28.10.2025;Dienstag;Oktober;2025;71381,48;71,38;3671,93;3565,16;3149,56;3261,45;3124,96;3004,03;3081,83;3579,35;5201,97;3156,17;2802,41;2020,51;3727,41;2224,31;1487,57;1525,78;2937,77;2952,65;2028,46;2156,37;5034,98;2333,49;2663,49;2689,87
;;483fdac39423;;44;27.10.2025;Montag;Oktober;2025;80802,45;80,8;4027,06;3673,97;4084,07;5204,94;3224,66;3559,18;2996,89;3031,02;4074,51;3875,03;2182,06;1299,95;2327,7;2531,17;1702,05;1494,02;2923,54;3766,9;3974,12;4939,19;5666,27;3041,14;3593,34;3609,67
;;483fdac39423;;43;26.10.2025;Sonntag;Oktober;2025;90688,37;90,69;4033,2;3632,5;4246,65;3740,8;4147,2;4082,71;3947,95;4227,16;3565,86;3814,55;4610,73;3057,78;3175,47;3122,65;4439,17;1718,17;2849,04;3791,25;3492,37;3380,34;3805,82;3527,08;3550,09;3518,14
;;483fdac39423;;43;25.10.2025;Samstag;Oktober;2025;76312,6;76,31;3383,9;5278,3;3440,3;3590,5;5277,3;3984,7;3585;3146,2;3855,1;3486,4;3485,3;3119,5;3161,3;2186,3;2362,7;1622,2;2287,4;2517;0;3208,2;3395,7;3373,3;3243,3;3322,7
;;483fdac39423;;43;24.10.2025;Freitag;Oktober;2025;81614,4;81,61;3158,28;3134,12;2696,59;3742,52;3387,94;3329,27;3636,77;3354,17;5238,77;3059,81;2413,74;3639,73;4043,9;4844,7;3690,43;3663,51;1615,1;2012,79;3105,91;3649,85;3645,1;3689,3;3288,6;3573,5
;;483fdac39423;;43;23.10.2025;Donnerstag;Oktober;2025;56258,06;56,26;2612,84;2075,97;1909,45;2798,16;2204,14;2849,87;3433,51;2339,84;2437,82;1403,82;1272,92;1023,67;823,1;1477,43;486,6;1579,4;2319,74;2105,01;2077,48;3198,36;3969,17;5677,12;2910,11;3272,53
;;483fdac39423;;43;22.10.2025;Mittwoch;Oktober;2025;47781,25;47,78;2304,86;1726,31;2837,55;2188,89;2199,66;1703,86;2046,04;2198,48;2818,11;2600,26;684,57;2229,34;1302,89;1994,42;913,47;1356,41;2021,31;772,01;971,92;1973,54;4264,63;1881,36;1560,78;3230,58
;;483fdac39423;;43;21.10.2025;Dienstag;Oktober;2025;49549,65;49,55;1687,92;1804,67;2884,3;1743,29;1389,18;1969,37;1685,76;1818,39;3192,03;3309,72;3805,03;1116,94;2775,28;1480,17;1270,66;1496,39;2614,96;903,62;1393,63;1358,16;1913,82;4387,77;1744,97;1803,62
;;483fdac39423;;43;20.10.2025;Montag;Oktober;2025;58541,18;58,54;3293,38;2653,22;2146,57;2384,04;2406,18;2000,04;2533,56;5875,65;2410,77;4032,97;2674,24;1736,82;1066,83;1546,12;1335,28;1418,38;2708,91;2673,21;1939;1280,96;4226,54;2040,84;2080,19;2077,48
;;483fdac39423;;42;19.10.2025;Sonntag;Oktober;2025;66870,53;66,87;3604,3;3460,5;3426,63;3485,41;3674,53;3526,32;3547,48;3556,12;3509,77;3147,18;2942,97;3113,07;2191,44;1934,38;1052,5;2753,91;731,92;1178,28;1494,84;2308,9;2872,59;2692,72;3310,54;3354,23
;;483fdac39423;;42;18.10.2025;Samstag;Oktober;2025;60365;60,37;2215,2;2266,2;2193,6;2875,8;3559,3;3511;3393,9;5378,1;3503,6;2155,1;1094,8;631,1;977,7;1270,1;1184,7;1237,3;893;1129,4;1871,7;2816,6;4976,6;3407,3;3142;4680,9
;;483fdac39423;;42;17.10.2025;Freitag;Oktober;2025;44910,13;44,91;1929,12;1953,05;2066,07;2061,08;2106,54;2815,44;2417,6;2281,4;2881,74;3149,3;3130,24;985,95;2395,53;413,54;89,44;813,12;1729,52;694,84;810,62;1682,99;2004,1;2151,5;2001;2346,4
;;483fdac39423;;42;16.10.2025;Donnerstag;Oktober;2025;47875,59;47,88;2443,35;2597,38;2405,11;2753,26;2212,94;2338,63;6015,49;3114,03;2511,71;2966,42;2062,04;909,28;1925,13;654,07;348,47;289,78;1874,3;1138,94;443,62;941,02;1243,84;1417,71;3563,21;1705,86
;;483fdac39423;;42;15.10.2025;Mittwoch;Oktober;2025;42539,73;42,54;1272,02;1345,01;2604,1;1356,87;1386,82;1855,76;1455,9;1742,57;2363,16;4210,99;2578,9;1119,59;883,3;1217,87;512,26;1479,91;1697,98;3289,33;1054,63;1605,26;1480,38;1532,97;2257,98;2236,17
;;483fdac39423;;42;14.10.2025;Dienstag;Oktober;2025;41461,46;41,46;2589,76;2376,12;2511,25;3481,41;1979,63;2089,25;1874,7;2179,6;2583,54;2639,65;1558,65;840,23;244,5;331,33;1609,24;633,49;1915,75;557;423,04;675,55;4552,61;1031,36;1331,2;1452,6
;;483fdac39423;;42;13.10.2025;Montag;Oktober;2025;37212,29;37,21;1044,39;1066,04;972,43;917,67;1396,16;1130,86;1334,31;1445,85;2279,79;1973,77;876,23;579,31;810,39;215,09;350,89;2907,87;3498,9;1913,73;658,17;910,69;3785,69;2834,56;1994,19;2140,27
;;483fdac39423;;41;12.10.2025;Sonntag;Oktober;2025;29661,99;29,66;990,6;1183;1498,93;1123,9;1293,98;1571,57;1674,47;2851,34;3511,58;1227,24;923,08;589,44;452,4;500,37;500,58;325,39;743,69;801,28;878,82;998,36;1025,62;934,47;1251,16;2810,72
;;483fdac39423;;41;11.10.2025;Samstag;Oktober;2025;24817,1;24,82;1323,9;938,9;1208;1028,1;1533,7;1191;1294,5;1375,4;1283,6;1303,8;910;643,1;708,4;335,9;2314,7;505;526,1;545,2;788;729,3;1011,7;1104,5;1253,9;960,4
;;483fdac39423;;41;10.10.2025;Freitag;Oktober;2025;34927,66;34,93;1382,04;1790,48;1459,08;1382,85;1782,17;1543,24;2041,72;3217,62;2902,49;1375,18;1522,38;288,65;530,59;1803,42;1771,75;1790,99;729,24;41,08;36,46;231,73;698,8;818,3;2451,5;3335,9
;;483fdac39423;;41;09.10.2025;Donnerstag;Oktober;2025;37733,43;37,73;1194;1267,99;1607,09;1617,92;2379,13;1617,99;1922,42;2561,47;3063,57;1710,86;1293,49;303,44;772,4;1115,86;1157,26;2383,76;2134,87;2015,94;782,94;1416,9;1190,02;1143,56;1641,7;1438,85
;;483fdac39423;;41;08.10.2025;Mittwoch;Oktober;2025;36719,28;36,72;742,54;1089,75;1134,79;1160,94;2108,48;2982,89;1218,06;1488,46;2624,74;1435,14;1968,94;304,85;466,33;687,67;743,86;1267,6;2875,17;1440,99;542,2;884,81;4481,42;2551,25;1242,84;1275,56
;;483fdac39423;;41;07.10.2025;Dienstag;Oktober;2025;31024,09;31,02;1301,25;3608,77;1129,76;1250,41;1438,45;1146,64;1225,77;1634,51;2104,91;964,7;3758,26;303,47;378,25;268,57;125,17;130,59;1424,7;1704,33;133,42;265,78;367,52;4774,2;788,6;789,91
;;483fdac39423;;41;06.10.2025;Montag;Oktober;2025;50361,38;50,36;2486,67;2492,93;2241,39;2097,61;2760,94;4796,38;2644,9;4243,44;3262,62;2493,93;2455,72;1804,28;938,15;1162,68;868,1;614,94;2154,36;1462,28;805,17;1100,77;2087,52;3158,65;1140,1;1087,85
;;483fdac39423;;40;05.10.2025;Sonntag;Oktober;2025;48278,22;48,28;4752,3;2514,8;2812,47;0;0;2865,14;2431,3;2506,09;2765,79;2469,98;1086,09;1060,08;869,58;1415,12;957,36;1050,42;3084,31;2023,86;2193,55;2058;2102,7;2607,39;2250,42;2401,47
;;483fdac39423;;40;04.10.2025;Samstag;Oktober;2025;56955,7;56,96;2441,9;2790,8;3119,4;3124;3239,7;2799,1;2271,9;2052,1;3946,7;1407,8;1589,3;2067,1;1773,5;1457,6;1371,6;919,5;1121,9;1390,2;3408,5;2850,2;3078,4;2993,4;2946;2795,1
;;483fdac39423;;40;03.10.2025;Freitag;Oktober;2025;56146,88;56,15;2666,51;3207,85;4951,09;3230,92;3022,91;2776,56;3138,69;2753,28;3723,66;3636,18;1897,84;1850,41;1643,78;1068,3;1143,56;875,05;922,21;2697,19;1323,13;1554,76;1821,8;1785,7;1951,2;2504,3
;;483fdac39423;;40;02.10.2025;Donnerstag;Oktober;2025;50389,09;50,39;3110,36;3419,41;3258,32;3237,13;3588,47;3491,1;3659,99;4283,48;4241,97;2863,04;1034,11;1919,01;198,08;198,17;184,35;1650,97;685,79;1893,48;1052,96;133,46;329,72;1417,41;1882,62;2639,31
;;483fdac39423;;40;01.10.2025;Mittwoch;Oktober;2025;53826,08;53,83;1917,26;2104,93;4240,68;3046,77;3057,55;3336,11;3532,63;4166,83;3777,75;2361,76;1751,48;686,32;1166,23;687,39;312,25;982,47;1931,82;2801,05;347,16;896,2;1318,21;3527,09;3115,86;2760,28
;;483fdac39423;;40;30.09.2025;Dienstag;September;2025;45646,15;45,65;2127,53;1955,83;2463,27;3015,88;2011,73;2179,49;2350,28;2282,75;2950,24;2458,96;2015,59;1112,82;1801,67;610,02;186,24;161,68;1001,11;1919,98;1089,71;1278,57;4692,36;2293,55;1605,08;1936,33
;;483fdac39423;;40;29.09.2025;Montag;September;2025;31019,95;31,02;1825,8;158,89;477,06;317,25;674,75;890,28;937,58;1201,69;2208,76;1463,95;1430,29;1025,13;428,95;618,54;637,23;2884,49;2257,11;639,26;709,78;637,66;4123,61;2845,07;1163,47;1463,35
;;483fdac39423;;39;28.09.2025;Sonntag;September;2025;18183,43;18,18;675;991,4;931,69;1087,81;1295,81;3289,9;2161,91;4232,78;1136,28;211,19;117,78;112,53;118,42;118,67;69,44;38,55;41,64;40,75;42,21;54,58;65,24;54,91;58,98;1235,96
;;483fdac39423;;39;27.09.2025;Samstag;September;2025;28866,7;28,87;3443,9;2141;1781,2;1953,3;1753,3;2063,5;1667,9;3204,1;1550;1172,2;907;670,9;580,9;784,8;117,6;1920;117,9;117,6;112;370,4;326,2;708,6;609,8;792,6
;;483fdac39423;;39;26.09.2025;Freitag;September;2025;41951,95;41,95;1628,79;1611,92;2968,23;1984,21;1803,7;1872,73;1942,09;2560,79;3063,67;4520,59;1728,16;2284,64;2578,73;3015,9;606,66;291,76;314,35;160,19;189,28;531,56;913,6;1502,4;1809,6;2068,4
;;483fdac39423;;39;25.09.2025;Donnerstag;September;2025;63183,79;63,18;2785,03;3049,64;3995,41;3227,36;3363,87;3351,37;3537,42;3999,57;4005,93;5244,79;2931,56;1639,33;3089,7;1543,98;2190,26;864,42;2257,08;808,69;823,18;966,08;4672,09;1629,55;1562,13;1645,35
;;483fdac39423;;39;24.09.2025;Mittwoch;September;2025;51948,05;51,95;2040,42;2701,41;3802,35;3011,22;2936,3;3064,68;3146,83;3805;3265,45;2310,71;2225,76;691,37;492,86;654,9;512,26;937,9;2670,35;1916,92;509,73;765,36;4562,36;1400,58;2332,31;2191,02
;;483fdac39423;;39;23.09.2025;Dienstag;September;2025;50911,83;50,91;2732,87;3981,94;3120,42;3070,16;3102,55;3404,53;3323,26;3731,69;3440,71;2154,6;2806,09;309,6;243,35;249,54;91,78;281,79;3591,24;1785,26;834,65;171,93;3685,64;1191,94;1601,22;2005,07
;;483fdac39423;;39;22.09.2025;Montag;September;2025;48735,98;48,74;2156,63;2357,13;2548,36;2775,39;2786,6;2981,09;4685,46;3332,39;3331,27;2825,31;1409,36;2248,98;166,43;190,12;224,02;626,7;1990,48;1012,96;219,89;731,36;4122,66;1399,21;1949,97;2664,21
;;483fdac39423;;38;21.09.2025;Sonntag;September;2025;10168,94;10,17;90,2;57;48,04;78,9;84,17;61,5;40,78;65,04;42,53;99,52;148,76;133,36;20,64;58,38;36,73;1719,18;169,07;236,2;347,1;610,13;1079,9;1391,66;1378;2172,15
;;483fdac39423;;38;20.09.2025;Samstag;September;2025;8774,7;8,78;64,7;101,1;173,2;1704,3;381,4;321,7;518,5;439,3;390,7;45,3;53,2;21,7;64,5;72,5;70,4;68,2;71,5;72,3;72;77,8;2013,3;1798,5;86,5;92,1
;;483fdac39423;;38;19.09.2025;Freitag;September;2025;13977,37;13,98;168,58;152,04;1040,57;147,21;253,19;209,46;286,35;458,93;1993;1702,28;1821,17;1639,63;400,89;1890,05;1032,74;93,68;82,33;83,29;84,48;84,3;103,1;103,7;94,4;52
;;483fdac39423;;38;18.09.2025;Donnerstag;September;2025;24572,85;24,57;943,38;949,35;1997,88;853,1;702,25;671,93;666,51;2040,39;1884,22;1823,07;500,65;270,09;1887,65;1123,44;341,74;222,96;1999,95;2753,93;626,36;52,53;1849,18;92,68;137,08;182,53
;;483fdac39423;;38;17.09.2025;Mittwoch;September;2025;33587,99;33,59;1384,8;1403,56;2201,58;1720,1;1840,36;1486,51;1555,39;1722,52;2274,7;3593,86;1034,17;973,09;1042,65;148,3;140,17;662,21;1839,06;1070,57;144,44;445,38;3701,12;1010,55;1210,23;973,13
;;483fdac39423;;38;16.09.2025;Dienstag;September;2025;30567,93;30,57;634,58;2165,55;722,77;944,57;952,19;971,15;1189,26;1074,46;1943,85;789,77;516,59;1627,33;1823,95;231,06;1504,03;326,9;1640,89;1649,37;1147,59;713,98;3553,91;1844,41;1234,6;1365,17
;;483fdac39423;;38;15.09.2025;Montag;September;2025;21495,66;21,5;2006,73;751,52;893,37;876,59;693,29;808,51;649,42;608,09;1343,42;264,4;228,48;200,79;2202,11;261,28;1692,46;1097,74;2879,63;676,69;160,13;1927,98;139,83;226,27;285,91;621,02
;;483fdac39423;;37;14.09.2025;Sonntag;September;2025;14875,31;14,88;980,2;2959,1;1002,13;1045,04;1135,76;1290,76;1268,34;2458,95;1500,19;152,47;48,33;18,99;60,57;66,94;36,54;26,62;69,33;66,8;64,32;67,84;45,63;46,41;159,12;304,93
;;483fdac39423;;37;13.09.2025;Samstag;September;2025;20584,7;20,59;1254,4;2962,2;1551;1631,3;1422,4;1494,7;1431,1;1309,4;1339,1;1207,3;1231;484,8;181,6;65;19,9;1490,8;426,5;37,4;26,5;63;72,3;110,9;267,5;504,6
;;483fdac39423;;37;12.09.2025;Freitag;September;2025;34486,1;34,49;1602,47;3060,04;1955,73;2108,25;2324,51;2458,14;2433,52;2760,66;2548,32;1711,03;730,62;763,83;2912,85;1761,43;370,5;63,7;25,4;56,8;1626;24,5;225,3;731,9;1028;1202,6
;;483fdac39423;;37;11.09.2025;Donnerstag;September;2025;31194,99;31,2;1034,73;2710,96;1217,16;1262,86;1190,48;1204,88;1034,57;2461,5;2430,53;2013,39;647,88;282,73;1242,35;584,37;286,83;521,53;1934,57;1075,72;1426,35;138,31;3201,89;909,95;1066,12;1315,33
;;483fdac39423;;37;10.09.2025;Mittwoch;September;2025;25126,72;25,13;214,19;1541,66;1224,01;306,06;351,37;612,3;1038,82;3883,08;3411,19;3238,66;323,77;256,79;214,33;1226,99;231,11;508,56;1922,79;818,19;68,19;31,29;2371,42;264,93;370,04;684
;;483fdac39423;;37;09.09.2025;Dienstag;September;2025;15802,55;15,8;90,41;45,4;55,66;67,87;1203,77;63,58;66,57;1749,32;2062,83;371,17;1491,61;242,4;356,29;225,94;60,43;113,9;3170,64;1178,55;78,24;37,5;2890,54;56,23;53,36;70,34
;;483fdac39423;;37;08.09.2025;Montag;September;2025;12334,42;12,33;76;64,73;182,39;1996,35;54,71;39,92;112,26;1508,09;1288,5;486,69;2010,38;1578,2;287,06;239,44;220,2;238,31;178,35;25,45;65,66;48,89;107,04;1415,74;64,68;45,38
;;483fdac39423;;36;07.09.2025;Sonntag;September;2025;3328,07;3,33;87,6;49,7;45,26;78,2;40,62;53,42;54,01;18,78;35,74;35,03;25,05;60,32;67,98;66,67;64,51;70,11;1979,54;71,65;71,52;71,28;80,92;90,23;65,13;44,8
;;483fdac39423;;36;06.09.2025;Samstag;September;2025;6834,7;6,83;45,7;83,3;42,9;55,3;53,3;339,2;3481,5;19,9;18,5;48,8;23,5;34,5;67,2;64;68,4;69,6;70,8;71,5;71,6;70,6;81,3;89,2;314,1;1550
;;483fdac39423;;36;05.09.2025;Freitag;September;2025;7590,92;7,59;56,79;95,43;55,6;50,87;75,81;40,54;81,01;292,19;1953,38;1664,01;457,13;237,38;1897,78;0;68,7;71,1;72,5;47,6;35,4;77,7;68,1;53,1;76,2;62,6
;;483fdac39423;;36;04.09.2025;Donnerstag;September;2025;14021,54;14,02;53,21;75,94;68,66;41,21;1236,35;41,06;75,44;274,92;1131,79;200,61;1224,55;734,68;318,51;1139,69;434,15;1427,08;2030,49;206,85;1635,42;74,27;45,62;1386,43;99,7;64,91
;;483fdac39423;;36;03.09.2025;Mittwoch;September;2025;18955,26;18,95;92,63;51,06;1249,26;81,35;47,61;43,15;144,66;130,01;127,03;407,96;1655,8;1999,06;302,75;134,22;1673,63;1035,56;1932,33;1816,9;1805,01;1708,34;559,15;816,25;1056,93;84,61
;;483fdac39423;;36;02.09.2025;Dienstag;September;2025;12267,3;12,27;79,9;1184,78;40,52;78,75;46,52;102,16;370,8;275,25;1504,82;372,53;1551,57;226,36;292,67;1658,64;161,28;156,43;1627,22;114,5;72,8;711,48;1450,34;89,86;48,61;49,51
;;483fdac39423;;36;01.09.2025;Montag;September;2025;10942,15;10,94;66,99;40,33;76,99;68,52;46,13;64,83;76,35;241,61;1641,71;1573,03;348,69;136,18;42,91;2199,07;77,66;107,28;3568,8;135,58;72,41;70,17;96,16;86,19;57,01;47,55
;;483fdac39423;;35;31.08.2025;Sonntag;August;2025;5028,02;5,03;58,5;86,3;40,39;1878,1;70,11;40,27;52,53;36,31;19;54,91;27,77;24,97;64,47;46,66;20,15;63,11;62,13;67,78;67,67;65,84;58,94;1970,72;67,57;83,82
;;483fdac39423;;35;30.08.2025;Samstag;August;2025;5060,1;5,06;49,5;78,9;72,6;46,3;66,5;59,3;81,4;128,2;1794,3;48;52,5;19,5;46;51,9;24,4;57;69,3;69,6;69,8;69,3;67,7;88,8;1903,2;46,1
;;483fdac39423;;35;29.08.2025;Freitag;August;2025;13156,07;13,16;69,78;50,08;87,28;1281,42;62,92;55,3;293,03;465,19;1430,76;1615,17;525,75;1818,93;159,96;1804,12;1288,98;113,9;1460,8;73,4;72,8;76,5;84,7;96,6;95,4;73,3
;;483fdac39423;;35;28.08.2025;Donnerstag;August;2025;14445,22;14,45;100,7;65,74;47,21;93,08;58,58;41,54;1134,38;186,28;1145,23;2486,95;776,91;222,52;170,96;162,74;76,8;391,52;2461,99;1735,58;80,22;79,11;2712,66;67,88;51,14;95,5
;;483fdac39423;;35;27.08.2025;Mittwoch;August;2025;17887,36;17,89;90,42;88,56;44,4;814,63;90,44;48,15;43,58;74,07;263,53;1401,33;286,86;106,42;1171,03;1511,51;538,08;1858,12;1795,91;2937,52;1825,64;1356,32;86,25;1252,99;101,2;100,4
;;483fdac39423;;35;26.08.2025;Dienstag;August;2025;10225,01;10,22;45,84;89,98;42,74;61,52;1291,65;39,6;52,84;330,04;1270,07;1396,82;152,45;134,42;176,23;160,61;157,05;157,94;648,29;1132,51;1017,45;507,1;1083,21;92,89;92,04;91,72
;;483fdac39423;;35;25.08.2025;Montag;August;2025;10183,55;10,18;54,56;62,92;195,81;254,03;335,95;707,77;480,32;788,11;1510,34;1318,98;361,77;95,98;1657,37;35,42;68,57;76,58;7,87;0;0;234,93;1721,46;52,99;96,8;65,02
;;483fdac39423;;34;24.08.2025;Sonntag;August;2025;10137,82;10,14;77,3;188,4;339,97;570,1;423,71;2928,12;762,17;389,11;27,7;36,91;1750,9;51,36;39,25;22,86;68,38;54,03;22,07;56,86;68,28;67,7;43,05;40,79;2064,37;44,43
;;483fdac39423;;34;23.08.2025;Samstag;August;2025;5859,2;5,86;49,4;214,1;545,5;1189,6;281,7;290,1;251,4;284,6;235,9;19,3;49,5;19,4;1897,5;67,1;25,7;62,1;40,3;26,8;65,2;51,2;25,1;70,3;57,2;40,2
;;483fdac39423;;34;22.08.2025;Freitag;August;2025;26769,83;26,77;79,9;66,9;1969,77;39,91;53,75;65,37;21,64;148,26;1052,03;3414,54;202,21;697,67;1875,55;1797,73;1788,31;1812,94;1764,53;1791,43;1818,44;1799,65;3632,6;753,9;45;77,8
;;483fdac39423;;34;21.08.2025;Donnerstag;August;2025;32028,95;32,03;58,21;61,9;94,68;44,23;46,72;778,14;422,71;1740,08;2808,93;3771,94;3232,12;3184,61;3291,07;4305,43;4037,51;2600,95;993,61;94,94;86,27;50,59;68,93;94,85;68,83;91,7
;;483fdac39423;;34;20.08.2025;Mittwoch;August;2025;8791,8;8,79;74,04;85,19;48,96;46,25;86,64;39,99;32,01;91,49;183,91;1535,09;807,25;988,11;2339,82;475,36;404,37;223,25;724,81;88,74;83,25;82,54;81,86;94,38;99,01;75,48
;;483fdac39423;;34;19.08.2025;Dienstag;August;2025;12264,74;12,27;52,56;77,54;88,95;40,58;51,2;72,51;23,5;113,85;334,88;1298,46;568,1;414,7;350,61;576,77;614,32;2533,57;1874,33;349,71;73,96;1268,96;1276,58;89,98;66,13;52,99
;;483fdac39423;;34;18.08.2025;Montag;August;2025;12212,98;12,21;46,99;80,97;1814,62;44,95;74,8;197,51;206,12;263,7;1154,98;1477,02;362,45;133,14;137,08;466,73;377,73;359,88;983,56;1088,6;84,6;131,64;648,93;1220,93;771,99;84,06
;;483fdac39423;;33;17.08.2025;Sonntag;August;2025;5237,11;5,24;58,1;45,2;86,76;40,93;46,55;2136,03;20,74;2069,9;39,46;19,61;38,4;40,52;24,59;46,87;51,38;26,31;42,25;69,34;63,66;56,23;26,72;54,86;89;43,7
;;483fdac39423;;33;16.08.2025;Samstag;August;2025;3489,3;3,49;106,4;102,8;95,9;90,4;52,3;48,2;69,2;39;22,9;69,6;26,7;37,4;1941,3;72,3;73,2;74,2;71,1;73;75,4;75,4;71,5;44,6;66,6;89,9
;;483fdac39423;;33;15.08.2025;Freitag;August;2025;25991,64;25,99;101,77;100,54;95,85;1402,77;92,77;90,36;69,73;96,53;84,62;272,9;409,42;1244,46;1569,8;1844,3;1821,42;1828,6;2865,9;2566,3;1828,5;1842;1826,6;1841,3;1811,4;283,8
;;483fdac39423;;33;14.08.2025;Donnerstag;August;2025;12672,19;12,67;122,46;122,01;108,54;94,02;691,97;90,66;85,4;443,21;355,23;167,84;1483,74;1411,94;993,78;1497,31;1310,86;1021,39;1779,01;356,27;81,19;80,4;80,04;92,89;101,77;100,26
;;483fdac39423;;33;13.08.2025;Mittwoch;August;2025;13008,72;13,01;98,32;97,11;103,4;90,78;84,75;82,98;45,51;314,19;429,15;461,89;2009,21;1053,04;2198,93;1011,16;993,24;2910,58;162,57;128,16;101,7;102,28;125,5;160,06;122,69;121,52
;;483fdac39423;;33;12.08.2025;Dienstag;August;2025;11254,5;11,26;109,44;93,78;50,88;71,66;67,54;37,42;77,57;144,66;2147,38;191,61;1529,01;1043,01;1042,84;642,99;806,81;537,98;2104,1;72,03;81,39;87,57;0;101,22;113,78;99,83
;;483fdac39423;;33;11.08.2025;Montag;August;2025;8960,14;8,96;50,09;77,36;46,73;70,27;46,58;48,38;35,18;209,86;1216,89;56,39;1390,81;1317,24;482,17;335,81;366,95;399,62;288,66;94,85;116,25;1894,55;91,87;101,54;111,82;110,27
;;483fdac39423;;32;10.08.2025;Sonntag;August;2025;6962,2;6,96;89,7;48,1;56,5;1802,79;43,63;150,34;1812,53;47,65;24,42;35,48;47,99;32,73;70,55;70,53;71,69;72,28;73,65;75,11;75,56;74,77;73,75;81,43;1960,48;70,54
;;483fdac39423;;32;09.08.2025;Samstag;August;2025;3804,1;3,8;702,3;86,8;49,2;75,2;47;55,1;30;30;1697;24,4;60,9;27,3;55;71,7;72,3;73,5;74,3;75,7;76;77,4;77,4;82,6;90,4;92,6
;;483fdac39423;;32;08.08.2025;Freitag;August;2025;26960,73;26,96;74,14;89,29;1253,74;79,89;43,78;62,61;35,25;45,33;52,38;1203,95;912,8;596,46;1195,41;1829,89;1811,1;3120,6;1805,4;1818,8;1835,9;1814,3;1822,4;1835,6;1830,5;1789,5
;;483fdac39423;;32;07.08.2025;Donnerstag;August;2025;12640,84;12,64;49,5;542,23;644,32;69,11;40,27;214,41;50,04;289,36;131,15;102,46;481,82;2628,82;432,03;499,04;1010,73;1502,83;147,71;87,08;82,18;92,07;2282,77;704,2;505,52;51,19
;;483fdac39423;;32;06.08.2025;Mittwoch;August;2025;13940,51;13,94;76,94;47,94;1304,38;311,26;346,39;416,05;644,66;420,09;1103,66;145,03;341,92;1555,1;1692,1;233,9;125,39;186,62;47,35;43,39;65,34;69,16;2748,94;49,18;1911,75;53,97
;;483fdac39423;;32;05.08.2025;Dienstag;August;2025;11505,38;11,51;48,41;727,93;88,42;41,41;60,53;54,63;34,36;148,59;1598,21;214,99;189,6;1056,17;687,7;441,33;121,68;158,72;152,43;116,15;128,03;1415,99;2803,21;135,99;1009,09;71,81
;;483fdac39423;;32;04.08.2025;Montag;August;2025;15348,96;15,35;1865,01;72,52;50,39;52,69;62,65;38,81;1978,4;259,3;1576,29;120,82;718,77;1261,87;421,96;722,95;555,21;193,79;200,91;75,81;74,4;2002,01;1312,97;82,74;1553,12;95,57
;;483fdac39423;;31;03.08.2025;Sonntag;August;2025;3697,1;3,7;75,4;40,8;68,89;41,63;139,45;124,8;624,73;1639,15;205,34;19,85;47,04;19,58;52,77;26;40,34;51,2;26,94;64,2;67,97;65,26;64,98;38,3;78,27;74,21
;;483fdac39423;;31;02.08.2025;Samstag;August;2025;4761,8;4,76;50,8;70,6;54,1;46,2;68,9;182,9;39,9;26,8;170,2;53;19,4;42,5;29,7;30,7;47,7;1674;1303,6;632,1;35,4;57,9;26,1;55;0;44,3
;;483fdac39423;;31;01.08.2025;Freitag;August;2025;26273,7;26,27;60;74,5;43,3;73,1;686,8;1027,7;55,7;136,4;230,5;1441,2;163,7;211,7;988,2;1820,5;1774,4;1800,9;1783,7;1822,4;1832,3;1775,3;1802,3;3732,6;1796,5;1140
;;483fdac39423;;31;31.07.2025;Donnerstag;Juli;2025;10104,98;10,11;57,33;84,95;1089,95;89,92;58,68;33,28;75,65;108,98;129,85;160,16;158,28;143,66;1564,48;716,66;865,37;1703,13;143,25;77,5;692,3;432,1;118,7;1455,5;90,3;55
;;483fdac39423;;31;30.07.2025;Mittwoch;Juli;2025;14215,96;14,22;466,28;814,09;43,06;226,33;231,02;280,27;314,64;334,05;138,04;1290,28;1416,94;201,54;208,8;222,62;193,32;225,44;89,2;43,87;315,49;2169,53;2266,93;103,22;1993,13;627,87
;;483fdac39423;;31;29.07.2025;Dienstag;Juli;2025;12184,58;12,19;67,81;55,1;79,22;1300,75;65,51;200,44;219,05;135,02;126,83;151,88;120,86;140,02;142,74;121,75;152,45;1520,4;2097,72;75,15;236,36;1311,81;2035,64;97,99;1675,12;54,96
;;483fdac39423;;31;28.07.2025;Montag;Juli;2025;10749,56;10,75;0;0;0;0;0;33,32;52;275,15;1005,7;167,02;135,2;184,79;130,94;270,58;2972;442,01;194,99;77,9;205,59;891,17;912,2;576,37;2143,81;78,82
;;483fdac39423;;30;27.07.2025;Sonntag;Juli;2025;2687,2;2,69;92,3;1843,5;90,05;56,16;45,97;77,16;33,25;32,57;48,83;20,69;51,53;26,17;48,22;33,85;38,82;69,69;29,16;49,28;0;0;0;0;0;0
;;483fdac39423;;30;26.07.2025;Samstag;Juli;2025;3209,2;3,21;67,4;63,3;48,9;70,5;41,4;52,8;1768,3;32,1;35,6;20,5;65,1;20,9;63,7;70,4;70,9;72,6;74,2;75,8;76,1;75,5;74,5;82,2;93,6;92,9
;;483fdac39423;;30;25.07.2025;Freitag;Juli;2025;23736,4;23,74;150,07;134,48;107,87;128,79;141,16;96,16;115,94;202,03;172,13;255,79;191,41;1789,6;1784,67;1800,8;1838,5;1801;1788,6;1807,6;1794,3;1803,9;1808,3;3129;841,1;53,2
;;483fdac39423;;30;24.07.2025;Donnerstag;Juli;2025;10499,02;10,5;117,85;144,77;118,03;1200,53;130,51;98,53;194,3;166,75;240,21;193,67;193,52;1468,73;220,73;1021,69;461,54;493,93;1434,05;407,69;132,08;284,5;1038,3;335,37;197,28;151,98
;;483fdac39423;;30;23.07.2025;Mittwoch;Juli;2025;12411,64;12,41;120,71;901,65;554,05;102,67;134,5;94,53;133,4;184,27;176,27;221,04;188,7;218,32;228,47;1483,57;230,79;1042,99;206,47;220,72;220,21;776,93;2444,67;1772,82;164,78;140,43
;;483fdac39423;;30;22.07.2025;Dienstag;Juli;2025;11938,25;11,94;118,77;143,26;128,72;102,07;1102,25;108,65;116,99;266,55;236,49;221,66;212,06;1308,39;222,7;357,66;200,21;332,87;1400,2;121,31;136,06;1296,78;1598,54;196,33;1850,98;158,75
;;483fdac39423;;30;21.07.2025;Montag;Juli;2025;12953,43;12,95;149,02;147,84;149,69;149,71;125,34;90,65;100,37;288,59;1249,29;162,58;153,36;158,73;186,96;490,79;1398,17;2360,8;191,76;146,93;144,11;318,12;3300,28;425,83;247,05;801,8
;;483fdac39423;;29;20.07.2025;Sonntag;Juli;2025;6908,19;6,91;153,6;153;151,59;1758,81;151,53;143,75;124,21;127,98;129,09;130,51;129,54;125,7;129,73;131,04;131,77;132,31;133,62;138,1;138,63;135,67;134,61;135,94;153,72;2133,74
;;483fdac39423;;29;19.07.2025;Samstag;Juli;2025;6444,2;6,44;150,6;149,7;107,5;102,7;152,4;87,3;1847,7;117,4;87,5;100,8;128,3;128,7;124,7;128,8;131,7;1774,4;136,7;138,8;136,2;135,3;134,8;134,6;153,9;153,7
;;483fdac39423;;29;18.07.2025;Freitag;Juli;2025;14177,51;14,18;142,65;112,27;124,17;127,16;101,59;127,36;96,4;174,48;297,04;1446,61;1526,71;639,87;1844,5;3663;1879,1;1874,6;0;0;0;0;0;0;0;0
;;483fdac39423;;29;17.07.2025;Donnerstag;Juli;2025;14041,49;14,04;226,3;189,41;1913,8;196,73;182,51;372,81;167,53;489,46;716,93;1449,25;487,07;1404,37;457,71;332,34;95,11;119,59;551,68;643,75;113,04;2418,85;867,8;408,58;113,42;123,45
;;483fdac39423;;29;16.07.2025;Mittwoch;Juli;2025;19818,65;19,82;192,81;209,34;199,37;181,58;216,41;171,56;191,53;258,97;200,61;2168,01;708,78;1484,39;555,22;298,76;214,96;1527,05;660,58;1950,18;1959,83;1920,46;1920,39;1969,93;458,34;199,59
;;483fdac39423;;29;15.07.2025;Dienstag;Juli;2025;10855,27;10,86;112,1;130,9;134,97;1268,89;139,82;87,4;105,79;214,06;252,99;281,15;493,25;1458,56;556,46;350,96;211,29;220,46;1669,07;213,94;214,25;207,51;213,95;1897,29;198,36;221,85
;;483fdac39423;;29;14.07.2025;Montag;Juli;2025;12742,1;12,74;116,1;101,3;126,5;135,3;101;95,6;1557;1263;1258,9;341,4;591,7;1637,2;630,9;522,7;427,5;647,8;542,5;90,9;128,4;139,4;1833,6;155,1;154,9;143,4
;;483fdac39423;;28;13.07.2025;Sonntag;Juli;2025;6426,7;6,43;113,4;151,4;108,2;107,5;136,9;1770,6;80,4;122;80,2;99,6;111,5;86,3;117,3;122,6;128,6;129,8;129,9;130;129,7;128,3;127,9;126,9;144,2;2043,5
;;483fdac39423;;28;12.07.2025;Samstag;Juli;2025;6309,7;6,31;133,8;111,2;119,2;145,9;101,1;90,6;115,3;85,3;91,7;1169,7;952,1;119,1;1691,2;129;129,2;127,3;127,9;128,1;129,1;128,4;128,5;128,1;123,3;104,6
;;483fdac39423;;28;11.07.2025;Freitag;Juli;2025;8394,4;8,39;61,6;99,9;52,8;46,7;66,1;39,9;41;291,7;1644,8;1841;415,5;181,3;300,8;175,4;141,8;139,9;1831,3;145,2;145,4;141,5;140,3;140,2;151,9;158,4
;;483fdac39423;;28;10.07.2025;Donnerstag;Juli;2025;14784,8;14,79;111,7;111;111,1;1987,3;101,1;85,5;365,8;456,2;1068,4;1743,2;379,8;1037,7;399,2;191,6;350;195,3;1278,9;1066,5;80,4;1106,9;651,9;189,5;465,5;1250,3
;;483fdac39423;;28;09.07.2025;Mittwoch;Juli;2025;17569,5;17,57;65,5;45;65,8;56;2011,4;110,4;221;22,1;1868,6;60,4;37,8;1400,6;450,7;180,9;121,6;163,8;1638,7;1885,9;1859,9;2674,9;1916,3;412,8;151,4;148
;;483fdac39423;;28;08.07.2025;Dienstag;Juli;2025;11493,2;11,49;216,1;357,4;436,3;744;798,3;920,7;881,8;353,5;1257,6;217,7;445,1;1678,4;594,8;261,8;66,8;633,3;1199;72,2;65,9;70,5;65,1;33,9;45,9;77,1
;;483fdac39423;;28;07.07.2025;Montag;Juli;2025;13219,18;13,22;41,86;40,4;77,93;2032,84;40,21;120,25;111,79;310,87;1247,26;179,75;134,02;1218,9;634,1;350,9;173,8;366,8;1843,7;528,1;29,2;66,2;37,4;34,3;3549,8;48,8
;;483fdac39423;;27;06.07.2025;Sonntag;Juli;2025;4803,08;4,8;47,8;82,5;56,8;41,72;73,95;31,44;0;53,29;26,82;1820,16;64,38;20,78;53,4;69,55;63;69,14;68,7;47,57;25,17;25,47;63,05;1881,7;36,83;79,86
;;483fdac39423;;27;05.07.2025;Samstag;Juli;2025;4866,8;4,87;75,3;62;54,8;1920,7;38,5;24,9;52,2;24,8;31,7;46;22,9;60,1;27,6;37,2;65,1;1808,2;69,1;69,1;62,8;69,1;69,1;68,9;58,8;47,9
;;483fdac39423;;27;04.07.2025;Freitag;Juli;2025;12761,92;12,76;73,94;107,37;1518,82;44,58;62,64;88,6;348,46;326,07;171,82;179,73;1150,65;440,06;510,21;1813,7;1807,17;1735,6;87,3;87,3;87,9;88,6;86;1749,7;92,8;102,9
;;483fdac39423;;27;03.07.2025;Donnerstag;Juli;2025;12614,21;12,61;102,9;96,3;95,56;91,41;859,59;459,88;53,58;267,16;1839,45;187,51;133,01;203,04;1360,79;213,21;838,19;1201,53;2055,6;234,15;210,11;1400,18;407,5;175,09;63,99;64,48
;;483fdac39423;;27;02.07.2025;Mittwoch;Juli;2025;18989,26;18,99;130,2;129,8;112,37;96,72;90,76;73,35;179,92;460,5;417,56;620,07;627,09;694,39;861,01;909,69;1032,48;415,58;2306,44;1829,09;1819,84;1822,71;1911,92;2243,25;100,46;104,06
;;483fdac39423;;27;01.07.2025;Dienstag;Juli;2025;16007,47;16,01;104,43;103,27;98,67;94,97;81,32;515,08;1088;692,43;1909,12;374,34;186,32;183,6;1283,3;1218,14;1232,75;1214,43;1974,6;124,3;186,5;1249,9;1046,6;792,7;123,3;129,4
;;483fdac39423;;27;30.06.2025;Montag;Juni;2025;17338,77;17,34;77,52;51,81;79,76;44,88;69,1;23,36;69,85;264,23;833,79;150,93;126,75;144,61;465,98;2349,94;1279,87;3572,07;1863,5;107,5;202;3309,24;159,83;712,81;1273,5;105,94
;;483fdac39423;;26;29.06.2025;Sonntag;Juni;2025;3361,1;3,36;83,6;52,5;88,04;46,31;76,48;32,93;53,7;31,51;60,64;24,61;67,18;33,99;70,49;77,35;78,05;78,97;79,82;1905,42;80,7;80,21;82,01;72,1;40,8;63,69
;;483fdac39423;;26;28.06.2025;Samstag;Juni;2025;6365,2;6,37;79,7;57;1707,9;44,9;61,9;87;37,7;32,4;39,5;39,6;44,6;0;46,8;62,6;37,2;79,3;77;77;77,1;77,5;187,5;3284,2;47,3;79,5
;;483fdac39423;;26;27.06.2025;Freitag;Juni;2025;10692,74;10,69;149,21;65,12;75,48;53,51;68,52;29,75;68,86;267,68;1514,53;177,43;223,16;1540,96;1304,96;3024,76;1646,22;37,4;64,4;39,1;61,8;38,8;60,9;39;70,1;60,7
;;483fdac39423;;26;26.06.2025;Donnerstag;Juni;2025;15339,16;15,34;103;1224,71;64,68;73,66;46,55;56,02;47,36;64,34;80,28;239,93;130,19;71,53;857,79;628,92;225,07;2227,22;2062,76;1441,58;980,54;2289,41;970,66;169,61;77,22;1206,13
;;483fdac39423;;26;25.06.2025;Mittwoch;Juni;2025;12890,4;12,89;1195,8;57,9;71,28;48,3;63,89;28,6;2078,46;300,22;1176,25;125,97;1354,98;163,96;271,08;207,5;289,13;225,19;148,03;91,26;92,27;1927,27;1676,44;167,21;87,11;1042,3
;;483fdac39423;;26;24.06.2025;Dienstag;Juni;2025;13144,87;13,14;153,58;155,32;145,57;126,46;1377,94;101,76;181,43;101,92;102,03;107,84;143,97;185,31;206,79;106,73;123,41;430,76;1857,03;3196,72;762,5;1924,4;1222,4;284;89;58
;;483fdac39423;;26;23.06.2025;Montag;Juni;2025;14227,3;14,23;85,49;49,42;45,43;88,71;43,49;730;1242,98;285,28;934,37;159,01;130,17;188,94;118,17;146,45;203,96;3766,03;1239,39;302,6;222,37;831,39;2700,85;398,61;154,39;159,8
;;483fdac39423;;25;22.06.2025;Sonntag;Juni;2025;5338,8;5,34;95,38;71,83;49,38;68,34;2010,85;22,38;1669,92;265,51;57,91;32,65;0;0;76,1;77,75;78,86;80,85;84,32;86,49;85,79;84,34;79,51;77,49;88,55;94,6
;;483fdac39423;;25;21.06.2025;Samstag;Juni;2025;3324,96;3,33;64,27;66,22;66,13;46,93;63,92;21,7;42,9;24,72;1861,54;26,12;52,35;29,44;63,21;73,38;74,93;75,99;77,11;78,81;83,42;85,99;80,79;79,04;89,12;96,93
;;483fdac39423;;25;20.06.2025;Freitag;Juni;2025;10136,9;10,14;72,97;54,35;1257,27;232,77;393,79;1020,51;762,36;473,93;657,3;229,76;130,68;658,49;1900,77;95,32;1495,7;96,8;82,64;81,84;82,08;81,71;82,15;53,21;48,06;92,44
;;483fdac39423;;25;19.06.2025;Donnerstag;Juni;2025;16714,75;16,71;87;1139,54;68,41;54,5;47,27;53,85;43,38;285,71;1169,28;138,97;179,15;219,95;1488,32;157,19;952,19;961,96;3506,27;1793,75;834,38;1282,03;2030,6;88,84;78,99;53,22
;;483fdac39423;;25;18.06.2025;Mittwoch;Juni;2025;19928,42;19,93;59,2;79,27;69,8;1271,23;72,48;22,29;56,59;1462,77;990,49;46,15;86,41;68,7;546,8;133,52;423,53;1539,6;2998,29;2016,69;3036,69;1631,82;2991,31;121,34;142,65;60,8
;;483fdac39423;;25;17.06.2025;Dienstag;Juni;2025;11252,09;11,25;81,98;56,88;68,35;1122,04;57,51;34,89;278,26;119,31;127,32;185,92;148,17;141,67;1826,56;1014,77;899,2;1791,76;181,83;90,12;89,07;292,82;1704,89;722,99;139,7;76,08
;;483fdac39423;;25;16.06.2025;Montag;Juni;2025;12992,61;12,99;49,88;68,32;47,49;2009,58;41,54;97,78;20,57;376,57;1132,85;71,32;57,01;24,68;73,3;37,68;392,71;3546,84;317,38;114,99;82,31;90,57;3777,87;345,18;160,05;56,14
;;483fdac39423;;24;15.06.2025;Sonntag;Juni;2025;3188,24;3,19;104,3;101,3;98,16;96,17;0;39,02;300,41;1706,65;34,62;46,17;33,67;49,67;27,19;55,79;28,46;62,44;23,47;69,96;29,15;67,83;33,99;61,31;39,03;79,48
;;483fdac39423;;24;14.06.2025;Samstag;Juni;2025;3554;3,55;96,6;96,6;62,5;49,7;68,6;33,7;42,1;1479,1;375,9;49,2;47,7;75,5;76,1;77,5;80,1;87,9;91,2;92,4;91,4;89,9;88,7;88,6;106,3;106,7
;;483fdac39423;;24;13.06.2025;Freitag;Juni;2025;11450,78;11,45;89,15;54,87;79,54;42,03;64,57;20,83;57,85;263,84;480,47;996,57;1066,24;117,13;1040,9;1866,33;1838,06;2680;81,6;84,4;80,9;82;83,6;86,6;94,4;98,9
;;483fdac39423;;24;12.06.2025;Donnerstag;Juni;2025;18084,22;18,08;0;0;447,56;2292,98;1236,89;1505,98;1560;846,47;1530,2;1932,39;203,88;215,65;242,45;122,9;213,08;1113,65;2204,25;227,42;286,7;1370,91;275,65;123,9;72,99;58,32
;;483fdac39423;;24;11.06.2025;Mittwoch;Juni;2025;24362,31;24,36;892,23;1064,78;2044,42;1288,16;1228,01;1233,35;1457,7;1623,74;132,88;616,9;161,86;169,37;1520,63;64,1;1254,13;1431,67;1914,65;1816,35;2048,73;0;1417,37;841,45;57,7;82,13
;;483fdac39423;;24;10.06.2025;Dienstag;Juni;2025;20840,39;20,84;240,88;587,42;655,46;748,77;911,77;896,75;1215,23;917,83;1946,75;397,6;1990,89;418,15;233,2;387,62;1321,08;673,6;298,26;75,42;49,23;2210,25;3746,04;248,06;339,72;312,22
;;483fdac39423;;24;09.06.2025;Montag;Juni;2025;22099,21;22,1;1857,7;2547,6;1964,46;1812,44;2232,18;1646,06;1834,33;1313,91;2100,51;169,64;26,1;44,63;1982,24;167,03;21,71;52,6;29,39;1897,51;28,08;46,78;27,64;45,67;41,66;209,34
;;483fdac39423;;23;08.06.2025;Sonntag;Juni;2025;28956,3;28,96;941,5;937,3;1072,3;1242,2;1311,7;1175,2;2942,2;1530,3;1729,5;2102,3;1167,1;418,3;42,2;182,9;44;376,5;344,3;517,1;940,9;816,9;1955,3;1647,8;1572,4;3946,1
;;483fdac39423;;23;07.06.2025;Samstag;Juni;2025;12670,52;12,67;292,6;463,7;526,05;799,5;871,12;791,74;684,76;780,45;570,42;301,11;521,69;667,76;24,43;1731,53;308,9;1515,1;201,97;161,02;22,86;41,61;173,48;261,25;304,88;652,59
;;483fdac39423;;23;06.06.2025;Freitag;Juni;2025;17017,92;17,02;211,21;339,23;634,39;2083,59;1264,42;859,35;826,26;586,29;1665,46;539,3;137,92;140,76;2291,99;1963,59;1064,46;59,6;30,7;52,1;31,6;55,2;633,4;1223,6;47,6;275,9
;;483fdac39423;;23;05.06.2025;Donnerstag;Juni;2025;13518,68;13,52;61,67;1546,92;1075,58;461,8;715,64;1292,07;813,2;376,06;1418,22;51,99;27,04;45,38;1515,08;90,62;893,16;1270,41;1559,78;57,63;41,02;43,12;29,11;32,87;55,56;44,75
;;483fdac39423;;23;04.06.2025;Mittwoch;Juni;2025;15729,87;15,73;57,58;82,68;1206,71;69,69;46,7;46,87;42,46;270,2;829;137,97;117,49;138,18;189,11;254,03;1270,53;2626,81;1873,29;628,8;607,2;4755,5;271,46;85,66;60,76;61,19
;;483fdac39423;;23;03.06.2025;Dienstag;Juni;2025;28281,01;28,28;312,54;644,63;1342,92;3018,02;2106,57;2324,81;1581,59;363,18;59,78;123;139,26;121,05;225,28;152,18;548,31;3363,53;1994,05;1833,42;1824,44;1169,96;4806,71;75,15;57,84;92,79
;;483fdac39423;;23;02.06.2025;Montag;Juni;2025;14293,11;14,29;47,9;59,07;114,44;1110,83;1974,31;1240,11;1368,64;417,05;1128,59;139,33;94,94;59,98;137,17;199,54;1246,53;216,34;182,83;79,97;49,95;79,68;3968,04;72,79;65,31;88,3
;;483fdac39423;;22;01.06.2025;Sonntag;Juni;2025;5259,19;5,26;56,5;49,1;80,23;60,15;45,01;59,69;24,62;51,66;1913,19;54,19;2173,87;64,56;70,9;71,32;28,17;41,25;72,06;40,5;37,11;67,3;27,01;53,82;47,38;69,6
;;483fdac39423;;22;31.05.2025;Samstag;Mai;2025;3320,2;3,32;75,4;47,9;77,4;41,8;69,9;20,5;48,5;22,1;45,7;28,6;54,3;40,3;1868,6;72,5;75,3;75,1;75,8;77,2;77,6;84,5;78,4;76;92,6;94,2
;;483fdac39423;;22;30.05.2025;Freitag;Mai;2025;5583,2;5,58;41,4;229,6;209,5;231,4;39,7;450,3;20,2;181,8;1648,4;31,8;37,8;35,5;40,3;40,2;40,8;49,9;71,7;1878,2;28;67,2;45,1;27,6;88,5;48,3
;;483fdac39423;;22;29.05.2025;Donnerstag;Mai;2025;22936;22,94;970,3;1789;1794;2124,7;2591,2;3853,6;1836;609;1773,4;360,9;42,1;25,5;44;25,8;44,4;22,2;46,3;234;329,2;1722,4;203,8;207,9;540,8;1745,5
;;483fdac39423;;22;28.05.2025;Mittwoch;Mai;2025;16856,96;16,86;526,13;381,55;882,44;1689,75;615,2;618,98;735,08;1012,96;1262,87;300,69;130,73;116,95;134,1;3001,95;1210,11;1549,09;1746,58;68,9;51,3;36,1;45,8;35;118,8;585,9
;;483fdac39423;;22;27.05.2025;Dienstag;Mai;2025;29328,28;29,33;123,17;619,95;1226,53;789,56;449,16;985,48;3146,63;1525,12;1676,57;440,91;486,02;1611,67;127,75;330;1493,57;480,7;1985,68;2380,35;2394,69;2023,14;3615,9;245,82;489,3;680,61
;;483fdac39423;;22;26.05.2025;Montag;Mai;2025;22141,69;22,14;695,96;2651,36;1448;1955,9;1483,29;1835,66;1376,79;1164,04;1148,16;145,99;1634,66;217,99;197,95;272,07;116,81;2331,61;1510,31;136,04;40;57,63;1539,02;59,43;48,2;74,82
;;483fdac39423;;21;25.05.2025;Sonntag;Mai;2025;14608,09;14,61;1636,5;1711,3;1428,86;1003,02;985,63;2840,2;899,63;656,14;479,39;512,77;86,92;1611,75;37,38;25,25;38,91;28,71;41,87;28,85;45,51;29,1;47,54;22,74;66,26;343,86
;;483fdac39423;;21;24.05.2025;Samstag;Mai;2025;33155,3;33,16;2208;2606;2871,3;2690;3458,4;3664,9;4088,8;1978,6;1029,9;426,3;34,3;27,9;41,3;27,2;43,5;30,3;40,8;31;38,4;381;785,9;2952,3;1728,1;1971,1
;;483fdac39423;;21;23.05.2025;Freitag;Mai;2025;49049,3;49,05;4613,78;3262,58;3116,14;3522,85;3339,72;3514,98;3517,41;3582,46;4798,45;1143,27;348,82;395,22;2022,2;302,65;215,77;2719,1;30,6;396,4;280;427;943;1463,5;2163,3;2930,1
;;483fdac39423;;21;22.05.2025;Donnerstag;Mai;2025;33595,52;33,6;2000,24;2342,22;1371,64;1987,37;2064,9;2260,03;1739,73;2712,25;1491,64;127,22;140,79;1341,74;235,99;598,79;1747,05;1602,75;2079,73;434,01;31,45;1231,27;328,35;1111,75;1477,89;3136,72
;;483fdac39423;;21;21.05.2025;Mittwoch;Mai;2025;20360,16;20,36;85,28;53,35;1334,32;1245,22;2060,33;2432,82;1847,78;1491,58;2098,02;162,32;1703,56;371,89;214,53;146,75;701,71;1341,54;154,07;122,49;26,84;626,87;1800,02;51,86;131,49;155,52
;;483fdac39423;;21;20.05.2025;Dienstag;Mai;2025;19596,71;19,6;70,86;56,55;478,46;785,25;336,33;717,87;827,38;248,05;1465,09;164,53;136,98;223,16;486,5;673,15;1114,92;2620,6;2192,18;1859,29;709,33;86,92;47,42;2552,37;1690,03;53,49
;;483fdac39423;;21;19.05.2025;Montag;Mai;2025;28215,89;28,22;410,42;802,03;1660,41;2651,86;2541,07;4345,01;2703,28;1527,48;1849,32;383,95;144,61;550,67;1596,61;156,22;174,45;981,34;1200,2;1008,26;86,36;82,49;2980,11;147,15;163,35;69,24
;;483fdac39423;;20;18.05.2025;Sonntag;Mai;2025;13752,18;13,75;70,4;2226,8;1057,17;1572,28;1439,8;1617,14;1971,16;1056,78;333,86;47,29;22,4;49,89;24,86;52,3;30,92;47,84;30,94;53,13;1797,24;53,82;29,32;54,59;41,74;70,51
;;483fdac39423;;20;17.05.2025;Samstag;Mai;2025;15191,1;15,19;417,5;781,2;1716,4;3044,9;1991,1;2518,3;1773,7;2236,9;25,5;36,7;33,5;42,9;34,9;53,4;33,5;51,5;50,9;39,3;66,5;28,2;68,2;28,8;75,7;41,6
;;483fdac39423;;20;16.05.2025;Freitag;Mai;2025;25179,64;25,18;377,58;966,53;1983,45;2111,25;2224,45;2692,38;2168,37;968,94;347,72;49,89;96,22;1347,2;1474,75;4899,88;2093,63;946,1;60,1;46,9;76,4;39,8;53,4;34,8;69,1;50,8
;;483fdac39423;;20;15.05.2025;Donnerstag;Mai;2025;20688,36;20,69;69,94;45,32;281,85;600,34;1087,75;1467,15;1261,54;2569,19;2420,93;133,28;147,2;176,99;1116,73;227,78;1596,26;822,89;2672,68;208,49;150,79;385,33;1065,79;1830,2;205,5;144,44
;;483fdac39423;;20;14.05.2025;Mittwoch;Mai;2025;17597,45;17,6;47,51;68,32;1279,53;456,9;978,72;1540,74;1814,97;2522,22;1923,95;242,73;135,59;131,72;431,79;1383,37;823,77;1060,95;335,9;100,89;970,46;41,59;58,57;34,82;77,54;1134,9
;;483fdac39423;;20;13.05.2025;Dienstag;Mai;2025;30651,77;30,65;188,26;1613,28;1147,5;1671,8;1626,27;3776,15;1789,95;1044,62;149,6;232,81;117,86;134,33;1689,26;138,14;404,72;1446,55;1164,37;1851,4;1778;2848,96;3865,8;1728,62;174,43;69,09
;;483fdac39423;;20;12.05.2025;Montag;Mai;2025;10849,29;10,85;1964,93;64,58;52,58;54,42;56,98;80,63;442,74;282,5;208,55;196,78;220,74;1983,19;238,14;201,27;552,53;1666,95;357,22;103,63;64,3;52;1825,26;45,67;77,69;56,01
;;483fdac39423;;19;11.05.2025;Sonntag;Mai;2025;5930,83;5,93;793,2;40,3;68,75;272,41;449,5;741,76;922,76;123,44;33,73;32,35;34,61;37,27;39,75;38,38;50,03;53,32;36,85;74,24;1678,17;73,16;74,36;52,88;47,31;162,3
;;483fdac39423;;19;10.05.2025;Samstag;Mai;2025;11320,4;11,32;48,7;266,3;430,5;944,3;1498,4;3915,1;1620,6;801,7;33,5;31,6;29,9;36,6;36,4;38,5;46,1;40,2;49,2;65,8;27,9;70,1;47,5;42,1;69;1130,4
;;483fdac39423;;19;09.05.2025;Freitag;Mai;2025;28991,84;28,99;879,37;1567,37;3243,78;2710,75;2876,53;3399,14;2714,64;2293,26;2087,55;1203,9;84,69;66,16;538,38;1666,04;1233,01;99,14;1926,14;90,81;27,59;68,59;41,7;51,1;58,7;63,5
;;483fdac39423;;19;08.05.2025;Donnerstag;Mai;2025;27362,66;27,36;381,24;647,23;1996,55;1476,65;1829,03;2316,51;2009,66;2308,59;2148,36;186,55;82,01;1346,06;1631,21;120,84;1490,11;194,64;1596,03;580,76;232,62;995,12;1871,15;1390,19;137,29;394,26
;;483fdac39423;;19;07.05.2025;Mittwoch;Mai;2025;38572,45;38,57;1843,58;2370,28;3271,98;3134,91;2345,12;3319,56;2568,43;3039;2123,65;2123,1;121,96;170,11;266,32;1380,78;589,4;2010,97;2895,58;1841,84;113,25;79,63;88,35;2725,46;75,22;73,97
;;483fdac39423;;19;06.05.2025;Dienstag;Mai;2025;39860,45;39,86;2135,07;3785,85;3045,96;3056,2;3006,12;3301,03;2835,95;2193,49;1610,56;223,62;315,8;964,35;661,78;204,84;1126,72;702,7;1901,66;1785,01;975,28;2157,75;203,53;473,74;1128,68;2064,76
;;483fdac39423;;19;05.05.2025;Montag;Mai;2025;41985,35;41,98;2005,37;2860,59;2684,07;4756,39;3370,82;2897,49;2515,41;2283,37;1266,45;2560,76;223,63;139,56;210,35;158,1;643,8;1919,13;2113,83;1868,82;1741,07;2822,79;249,71;436,39;905,12;1352,33
;;483fdac39423;;18;04.05.2025;Sonntag;Mai;2025;32417,8;32,42;1035,9;1865,1;2023,8;2692,28;2565,43;2419,07;2366,23;1808,94;1355,67;785,58;2682,37;609,98;460,72;178,2;41,36;170,82;41,67;257,7;593,75;634,21;1304,19;1931,63;1993,77;2599,43
;;483fdac39423;;18;03.05.2025;Samstag;Mai;2025;15003,9;15;1844,8;329,4;722,9;1094;1307,8;1838,8;1789,1;940,7;1033,1;1157,1;30,9;32;36,8;35,3;37,6;41;44,2;43,4;1767,9;40,4;40,3;50;148,6;597,8
;;483fdac39423;;18;02.05.2025;Freitag;Mai;2025;4924,7;4,92;44,9;79,4;54,5;60,3;57;1762,7;42,7;164,8;1736,5;158,5;56;28,8;75,8;72,1;88,8;53,7;24,9;65,8;51,3;29,2;61,8;37,8;70,3;47,1
;;483fdac39423;;18;01.05.2025;Donnerstag;Mai;2025;5858,4;5,86;46,7;72,7;44,7;67,6;106,3;166,7;395,4;295,5;3510,9;237,9;29,8;46,9;0;53,9;72,1;73,1;74,4;75,8;76,5;78,2;80,3;90,1;95,1;67,8
;;483fdac39423;;18;30.04.2025;Mittwoch;April;2025;16937,41;16,94;139;164,73;1496,58;673,6;1049,13;1337,59;1481,46;1028,28;2286,74;128,45;171,31;171,96;237,38;736,36;2109,55;1426,09;1752,7;155,6;77,6;72,8;65,5;41,8;69,5;63,7
;;483fdac39423;;18;29.04.2025;Dienstag;April;2025;21246,99;21,25;1016,44;71,53;269,1;698,07;1234,11;1567,73;1871,92;2578,84;1967,03;148,54;151,64;145,17;230,56;554,03;1185,08;1129,47;1838,36;1020,73;350,06;157,77;2574,47;173,04;145,93;167,37
;;483fdac39423;;18;28.04.2025;Montag;April;2025;29934,16;29,93;2236,37;2118,89;2256,05;1902,8;2384,88;2588,49;2781,97;2372,45;726,22;129,16;226,51;206,16;216,53;209,81;536,65;2066,01;2197,01;1017,3;152,86;2848,14;565,19;66,1;57,63;70,98
;;483fdac39423;;17;27.04.2025;Sonntag;April;2025;15756,2;15,76;542,35;874,75;1436,99;1726,3;2065,09;2164,5;2458,55;1775,39;1977,88;36,64;28,51;44,42;27,28;49,95;30,11;54,9;26,29;61,66;38,08;58,31;44,44;57,18;62,73;113,9
;;483fdac39423;;17;26.04.2025;Samstag;April;2025;19717,55;19,72;2070,08;2148,88;1917,61;1987,26;1862,84;2099,29;2195,76;1932,93;1072,34;31,35;32,07;40,22;32,77;45,22;35,27;1765,24;29,11;58,42;33,95;58,45;32,04;71,06;41,74;123,65
;;483fdac39423;;17;25.04.2025;Freitag;April;2025;45955,43;45,95;2611,79;2176,41;4187,75;2254,31;2076,94;2336,63;2180,64;2206,12;1788,98;1547,8;1580,63;1396,99;4351,01;3533,69;1883,97;1640,54;26,09;45,12;87;234,57;1932,26;2746,34;1327,15;1802,7
;;483fdac39423;;17;24.04.2025;Donnerstag;April;2025;39446,24;39,45;1051,49;1269,21;1319,08;1523,96;1855,99;1468,26;1520,41;2240,36;2992,53;3042,82;3852,99;1324,26;1540,96;656,59;2249,14;1112,6;2035,49;449,23;664,3;699,07;1311,64;1269,95;2018,92;1976,99
;;483fdac39423;;17;23.04.2025;Mittwoch;April;2025;33663,03;33,66;3947,3;2380,76;2213,45;2203,85;2000,11;1950,32;2422,21;2239,42;2008,24;696,89;572,02;584,7;2115,66;236,15;624,35;2202,14;1855,16;1915,25;42,68;65,27;37,82;145,09;437,09;767,1
;;483fdac39423;;17;22.04.2025;Dienstag;April;2025;32663,98;32,66;1622,54;2409,48;2113,06;1878,72;2033,85;1708,45;4319,9;2211,51;1802,81;927,71;1280,96;606,05;715,43;545,48;1895,07;1935,47;1340,5;54,99;41,08;49,54;125,23;391,13;1080,25;1574,77
;;483fdac39423;;17;21.04.2025;Montag;April;2025;32313,98;32,31;1307,1;1818,5;2161,54;1854,69;2434,71;1872,11;2151,3;2432;3606,55;2238,1;1065,45;291,18;45,59;2174,18;1611,92;19,85;49,03;237,82;145,96;607,17;523,13;1009,69;1185,65;1470,76
;;483fdac39423;;16;20.04.2025;Sonntag;April;2025;36012,2;36,01;2841,8;2941,8;3143,8;4568,3;3476,5;3234,5;3320,6;2929;3320,1;1683,1;376,3;30,4;36,4;36,5;37,7;39,3;36,5;51,3;34,6;50,5;1798,7;137,9;544,1;1342,5
;;483fdac39423;;16;19.04.2025;Samstag;April;2025;32216,8;32,22;2624,6;2346,1;2820,8;2309,5;2528,7;1937,5;2739,9;1935,5;2174,1;2483,4;1045,1;48,1;22,1;1844;27;44,6;39,5;38;42,2;35,4;143,1;848,7;1912,1;2226,8
;;483fdac39423;;16;18.04.2025;Freitag;April;2025;54564,7;54,56;2435,4;2858,7;2140,8;2975,6;2304,2;3147,4;2392,3;3147,5;4079,6;2648,2;2155,9;2054,6;1687,7;1631,9;1480,9;1291,7;3294,3;1484,5;1357,3;1571,3;1643,7;2054,5;2410,1;2316,6
;;483fdac39423;;16;17.04.2025;Donnerstag;April;2025;49411,42;49,41;2238,53;2151,44;2367,53;2632,99;0;0;0;2915,95;4499,08;2605,71;1975,53;1714,64;1944,25;1215,62;1878,34;945,81;2187,2;1106,2;1435,4;3365,2;2277,1;2530,4;4424,9;2999,6
;;483fdac39423;;16;16.04.2025;Mittwoch;April;2025;25907,54;25,91;307,41;349,21;1568,86;841,53;1363,15;1540,16;1712,7;1712,42;1811;200,77;212,02;195,13;278,68;1611,15;1100,71;1205,93;1918,09;867,09;104,89;239,87;1877,74;1218,81;1627,44;2042,78
;;483fdac39423;;16;15.04.2025;Dienstag;April;2025;25405,88;25,41;616,03;980,25;1132,62;1603,15;1760,23;3595,66;1718,21;1721,05;1314,64;224,57;195,17;224,24;258,98;231,43;1423,82;750,69;2024,01;641,78;151,48;124,16;2907,07;1530,9;145,77;129,97
;;483fdac39423;;16;14.04.2025;Montag;April;2025;25972,97;25,97;617,47;707,51;1325,38;1343,31;1974,65;1769,24;2056,12;2115,26;2048,41;999,38;713,06;403,4;2046,19;209,94;1089,36;1149,6;1986,79;1569,06;45,53;945;336,64;79,44;118,78;323,45
;;483fdac39423;;15;13.04.2025;Sonntag;April;2025;15279,08;15,28;118;132,8;2423,32;847,07;1137,47;1265,74;1200,25;1026,96;973,73;721,28;297,15;607,1;25,1;41,39;33,29;45,25;34,71;42,58;43,88;1787,45;2057,46;51,87;127,37;237,86
;;483fdac39423;;15;12.04.2025;Samstag;April;2025;25132,5;25,13;1029,4;1605;1962,9;2502,2;2365,7;2679,3;2887,4;2503,4;2500,7;3424,7;1063,4;22,1;49,1;21,2;53,6;27,3;60;26,7;70,3;35,2;60,5;57,5;72,5;52,4
;;483fdac39423;;15;11.04.2025;Freitag;April;2025;51124,45;51,12;4932,65;3459,84;3389,6;3250,66;3287,05;3383,76;3479,33;4617,94;5470,31;3754,55;688,16;319,71;2109,51;1857,92;1819,76;1197,5;1502,4;26,5;83,7;290,1;1390,4;42,9;289,8;480,4
;;483fdac39423;;15;10.04.2025;Donnerstag;April;2025;53796,32;53,8;4010,5;2539,88;2623,34;2812,5;3737,16;2347,14;3097,78;3656,61;4479,59;3775,48;1392,49;1196,8;501,29;2142,67;1990,24;587,9;1955,9;1753,13;380,82;153,68;787,15;1611,94;2826,71;3435,62
;;483fdac39423;;15;09.04.2025;Mittwoch;April;2025;64748,49;64,75;1582,87;2749,91;4278,73;3274,22;3005,46;2679,44;3320,39;4014,19;5607,41;4557,75;2602,13;1990,33;1467,74;3558,61;1275,33;1249,74;1790,22;1744,18;1004,19;1525,37;3581,52;2636,1;2757,17;2495,49
;;483fdac39423;;15;08.04.2025;Dienstag;April;2025;55398,33;55,4;4429;3666,63;4079,66;4186,67;4547,91;4621,88;4534,1;5550,01;6354,5;571,03;372,34;348,58;1764,8;226,16;922,12;1240,61;1897,39;142,66;555,2;636,71;141,56;3112,41;437,19;1059,21
;;483fdac39423;;15;07.04.2025;Montag;April;2025;61388,48;61,39;3831,86;4055,25;3714,86;4596,66;4470,82;5338,98;7395,82;5585,47;4592,87;896,76;276,83;284,21;366,05;367,29;1067,72;1784;2047,89;2139,89;1424,15;389,85;1783,3;835,36;1425,92;2716,67
;;483fdac39423;;14;06.04.2025;Sonntag;April;2025;59644,09;59,64;3744,8;4076,1;4399,24;5035,71;4659,34;4612,35;4733,22;4428,57;2987,73;987,33;832,55;1130,06;1406,6;1186,32;1544,18;1026,52;2301,25;618,88;553,15;912,02;1505,38;0;3648,85;3313,94
;;483fdac39423;;14;05.04.2025;Samstag;April;2025;46297,4;46,3;1002,2;3030,6;2793,7;3023,2;3023,4;3339,2;3917,4;3516;2517,6;883,5;441,3;439,9;1404,6;150,7;319,1;1714,1;67,4;440,5;562,4;1125,7;2314,4;2712,5;3251;4307
;;483fdac39423;;14;04.04.2025;Freitag;April;2025;30303,33;30,3;521,33;1145,26;3111,78;3238,69;2485,94;3117,32;2732,82;3946,13;2563,04;343,68;353,55;313,23;4697,46;1127,02;48,63;57,16;47,03;64,5;31,54;63,92;36,7;74,4;45,1;137,1
;;483fdac39423;;14;03.04.2025;Donnerstag;April;2025;36545,96;36,55;1706,82;1834,9;1644,4;2288,62;2345,35;2485,39;2797,27;4733,04;2921,61;1410,02;239,04;246,84;262,64;243,51;1719,87;246,92;1707,56;1760,81;1760,46;261,05;775;2959,24;40,95;154,65
;;483fdac39423;;14;02.04.2025;Mittwoch;April;2025;42289,82;42,29;2519,3;2485,48;4327,97;2805,82;3353,98;3092,53;3670,88;4517,18;4374,04;2553,7;462,7;389,88;426,32;1686,22;1340,38;810,76;225,71;74,39;58,98;182,9;1981,77;45,47;234,43;669,03
;;483fdac39423;;14;01.04.2025;Dienstag;April;2025;61109,46;61,11;3124,92;4906,23;3689,04;3929,55;3709,66;3825,87;3740,42;5742,3;7036,26;4041,58;1516,77;608,72;694,86;440,91;761,83;1847,19;2008,94;632,36;40,05;57,87;4449,67;881,11;1439,61;1983,74
;;483fdac39423;;14;31.03.2025;Montag;März;2025;55834,61;55,84;2902,09;2767,76;3057,49;2895,51;3239,61;4822,71;3637,3;3249,53;4531,79;1117,9;821,82;475,88;658,11;712;2303,98;1359,46;352,14;962,26;739,1;1601,93;5026,48;2136,86;3032,47;3430,43
;;483fdac39423;;13;30.03.2025;Sonntag;März;2025;63321,94;63,32;2925,3;3497,1;0;3496,44;3839,46;3398,04;3410,42;3533,34;3392,1;2873,32;2678,73;2637,9;3122,19;3145,03;1731,61;1770,13;1301,89;1373,15;1921,16;2144,81;2505,25;2875,08;2635,75;3113,74
;;483fdac39423;;13;29.03.2025;Samstag;März;2025;35670,4;35,67;2157,3;2320,3;2223,7;3646,6;2574,8;2938,2;2809,3;2488,3;598,9;66,9;26;49,2;151,8;171,8;42,9;35,7;54,8;26,2;1756,7;583,6;2728,5;2219,4;2917,5;3082
;;483fdac39423;;13;28.03.2025;Freitag;März;2025;50522,45;50,52;3599,62;4994,69;3692,17;4086,4;3948,91;4368,88;4060,82;4403,71;4388,2;589,06;219,59;569,77;4053,16;1817,96;762,91;45,7;42,4;56,6;34,7;68,8;154,8;900,3;1730,2;1933,1
;;483fdac39423;;13;27.03.2025;Donnerstag;März;2025;56127,06;56,13;2452,82;3958,16;2910,35;3177,28;3176,87;3136,24;3491,23;5247,76;4516,31;1893,28;301,41;411,44;479,52;265,2;724,71;1623,92;2410,85;1418,26;159,71;2842,65;3420,04;1703,71;2573,78;3831,56
;;483fdac39423;;13;26.03.2025;Mittwoch;März;2025;63175,46;63,17;3604,41;3577,92;1651,09;2306,12;2034,32;2416,32;2067,91;4302,14;4366,01;2041,64;2995,28;1710,78;1389,13;987,02;2603,48;1577,62;3144,57;2820,36;3344,3;2270,75;4574,92;2603,97;2178,67;2606,73
;;483fdac39423;;13;25.03.2025;Dienstag;März;2025;60123,43;60,12;2412,8;2748,71;2817,02;3719,31;2908,29;3286,71;2721,62;3676,29;4265,91;3515,19;2773,15;1224,77;1629,65;2907,96;884,77;851,85;2009,62;2000,39;814,71;5376,29;1653,42;1826,33;1852,4;2246,27
;;483fdac39423;;13;24.03.2025;Montag;März;2025;30676,08;30,68;1025,86;1226,38;1235,52;3068,45;1390,06;1665,69;1544,48;1754,3;1856,84;535,38;283,73;1609,46;303,49;859,93;1056,04;756,99;2979,98;239,78;195,09;146,87;2080,59;765,96;2080,94;2014,27
;;483fdac39423;;12;23.03.2025;Sonntag;März;2025;23590,91;23,59;1589,9;1435,41;1758,44;1712,38;1891,85;1796,64;2020,48;1842,93;1413,98;1127,2;905,65;2024,09;104,44;131,2;104,46;131,42;231,25;131,29;251,3;371,21;457,84;619,02;622,65;915,88
;;483fdac39423;;12;22.03.2025;Samstag;März;2025;20868,3;20,87;744,2;2722,8;1211,6;1689,7;1611;2137,8;2201,4;1723,3;579,4;263;118,8;112,3;117,9;116,5;120,6;118,7;125,1;115,5;1748,3;342,4;508,7;587,4;764;1087,9
;;483fdac39423;;12;21.03.2025;Freitag;März;2025;41388,82;41,39;1398,12;2014,49;2569,46;2845,8;3343,44;3029,73;3744,4;3269,61;857,41;881,72;966,17;225,02;1971,15;1844,1;1903,2;1889,1;1895,9;1904;1832,3;1897,2;288,4;165,5;140,1;512,5
;;483fdac39423;;12;20.03.2025;Donnerstag;März;2025;35629,96;35,63;2835,06;3996,85;3129,14;3566,89;3158,79;3573,38;3355,61;3120,98;1055,13;1455,41;308,9;306,1;862,72;1210,49;327,38;491,72;248,96;147,01;69,97;1356,96;78,41;65,53;283,31;625,26
;;483fdac39423;;12;19.03.2025;Mittwoch;März;2025;101265,6;101,27;4982,22;5421,95;5466,43;5545,33;5712,58;5724,49;5872,17;7663,95;5581,72;1880,27;953,76;792,09;4942,29;12063,4;11480,3;9997,06;403,01;53;28,82;66,27;1803,97;656,81;1842,23;2331,48
;;483fdac39423;;12;18.03.2025;Dienstag;März;2025;96689,92;96,69;5543,45;5068,27;5597,78;5805,37;5850;5873,96;5974,29;8131,94;6925,67;3192,05;1730,34;1642,43;1912,48;2126,01;1758,17;2133,51;3898,09;1780,71;1739,9;2731,06;3572,65;4333,25;4506,06;4862,48
;;483fdac39423;;12;17.03.2025;Montag;März;2025;95605,28;95,61;4292,78;4270,46;4430,11;4784,1;4762,7;4756,33;5184,29;5515,07;6229,52;3969,6;2634,97;3313,05;2534,88;2514,98;2521,87;2644,4;3578,55;3803,63;4430,94;4407,07;0;4556,98;5015,59;5453,41
;;483fdac39423;;11;16.03.2025;Sonntag;März;2025;93022,34;93,02;5096;5492,78;5601;5765,96;5744,57;5759,42;5830,27;5677,08;4265,95;3491,2;2323,28;1344,76;1954,18;1185,09;2123,68;2180,37;2801,86;3153,43;3536,63;3672,32;4299,52;4131,81;3847,56;3743,62
;;483fdac39423;;11;15.03.2025;Samstag;März;2025;112200,6;112,2;6542,1;6533,3;6551,2;6323,1;5159,8;5399,1;5625,3;5040,6;4819,2;4503,4;4337,4;4488,6;4189,3;3154,6;2779;2851,7;3300,5;3273,8;3915,5;4365,4;4652,1;4735,7;4808;4851,9
;;483fdac39423;;11;14.03.2025;Freitag;März;2025;130278,13;130,28;4991,07;5352,22;5439,77;5472,11;5677,11;5683,96;5863,71;5677,61;4375,78;4324,74;4166,7;4124,81;5186,69;5867,54;5398,91;4560,8;5381,1;5697,1;5761,9;6583,9;6193,5;6214;6148,4;6134,7
;;483fdac39423;;11;13.03.2025;Donnerstag;März;2025;108799,12;108,8;5627,82;5186,63;5565,54;5625,14;5684,03;5797,47;5775,65;5798,16;4762,36;4516,92;3044,79;2768,58;2964,93;2683,02;2980,65;3498,24;4026,02;4058,48;4235,04;3809,78;4989;5034,35;4943,02;5423,5
;;483fdac39423;;11;12.03.2025;Mittwoch;März;2025;102078,59;102,08;4972,1;5239,5;5495,88;5707,8;5541,05;6044,09;6124,97;5265,9;4114,36;5154,2;4172,62;3991,4;3011,54;3787,58;2430,8;1944,39;1453,81;2819,54;2582,42;3758,95;4260,47;4351,32;4828,27;5025,63
;;483fdac39423;;11;11.03.2025;Dienstag;März;2025;106226,14;106,23;3242,27;3525,21;3536,59;3525,25;3520,8;3547,7;3526,91;3215,45;5700,68;5865,2;6027,68;5488,08;4394,44;4441,56;4020,65;4069,01;4274,37;3769,8;4501,84;4861,73;5592,98;5129,93;5361,35;5086,66
;;483fdac39423;;11;10.03.2025;Montag;März;2025;45603,29;45,6;2126,02;2054,06;2326,98;2517,05;2521,5;2566,95;2896,25;2707,24;859,4;6,6;6,6;5,13;3,6;1435,08;3499,21;3153,9;1919,62;645,65;1305,93;1943,11;2411,4;2821,58;2747,92;3122,51
;;483fdac39423;;10;09.03.2025;Sonntag;März;2025;29610,26;29,61;839,8;1432,04;1932,86;1944,52;2046,95;2223;2439,14;2295,04;2122,54;2148,66;2131,61;1944,64;1906,59;939,44;49,53;20,58;20,58;20,66;236,3;41,4;161,63;400,5;803,43;1508,82
;;483fdac39423;;10;08.03.2025;Samstag;März;2025;30701,9;30,7;1546,36;1856,49;1917,24;1949,7;2060,24;2591,02;2335,74;2581,24;2309,15;2156,59;2029,2;2035,69;1827,52;1446,32;203,8;21;21;217,7;27,5;193,2;41,4;156,5;302,4;874,9
;;483fdac39423;;10;07.03.2025;Freitag;März;2025;41204,27;41,2;2709,02;2797,43;3097,71;3062,59;3032,32;2984,95;3356,94;4249,17;5406,97;1815,07;1151,86;710,17;1693,66;2642,22;127,38;513,62;32,66;239,91;28,04;41,43;41,67;220,86;322,28;926,34
;;483fdac39423;;10;06.03.2025;Donnerstag;März;2025;53176,63;53,18;2629,54;2704,1;2963,96;2865,94;3492,1;2918,95;3311,54;3820,71;4346,01;2912,09;2404,37;2104,08;2003,78;1984,19;2890,74;281,96;2082,57;1442,43;246,53;42;570,59;971,86;1767,82;2418,77
;;483fdac39423;;10;05.03.2025;Mittwoch;März;2025;91161,28;91,16;6558,32;6533,59;6397,4;6387,08;6530,06;6364,31;6820,6;8817,35;6834,26;6766,99;5145,08;3208,56;756,65;1622,29;431,98;705,91;2832,34;102,08;229,38;464,27;906,49;1799,37;2292,75;2564,35
;;483fdac39423;;10;04.03.2025;Dienstag;März;2025;136685,9;136,69;6968,54;7104,95;6709,05;7302,06;7248,85;7426,94;6988,95;8333,43;8668,59;6947,21;5877;5774,74;5599,01;5729,52;5901,86;2907,97;2236,7;2223,44;2574,24;3710,82;4167,67;4743,61;5353,84;6186,91
;;483fdac39423;;10;03.03.2025;Montag;März;2025;153239,33;153,24;6433,94;6379,79;6523,61;6458,86;6623,35;6653,72;6732,59;7657,13;8026,59;6328,81;6086,66;5785,6;5760,26;6207,56;6324,77;6691,25;7624,2;4583,14;4637,38;5214,06;5949,67;6734,04;6885,71;6936,64
;;483fdac39423;;9;02.03.2025;Sonntag;März;2025;147468,7;147,47;6732,1;6541,14;6409,29;6568,15;6502,73;6612,11;6641,92;6538,98;6563,28;6475,61;6489,28;6070,58;5894,11;5798,88;5550,2;5418,84;5467,78;5498,21;5429,56;5797,11;5902,1;6073,2;6148,45;6345,09
;;483fdac39423;;9;01.03.2025;Samstag;März;2025;145686,63;145,69;6113,6;6215,02;6286,29;6066,85;6283,07;6185,35;6142,88;6224,81;6137,05;6247,39;5936,02;6117,2;5935,7;5726,1;5860,8;5785,9;5720,7;5589,8;5933,7;6065,7;6204,4;6246,9;6299,4;6362
;;483fdac39423;;9;28.02.2025;Freitag;Februar;2025;158480,92;158,48;6608,51;6348,57;6756,02;6183,48;6706,02;6540,85;6254,59;8123,48;7640;6385,38;5856,97;6227,15;9052,08;9541,15;6359,28;5536,46;5659,27;5948,63;5832,88;5939,55;6139,13;6256,02;6188,54;6396,91
;;483fdac39423;;9;27.02.2025;Donnerstag;Februar;2025;127864,09;127,86;3027,58;3067,29;2665,82;3403,9;3039,68;2939,25;2934,95;5161,16;4972,26;3273,97;3323,26;4125,89;7198,39;7154,71;7349,43;5637,52;7814,27;10189,14;7272,51;6684,04;6490,61;6814,69;6563,94;6759,83
;;483fdac39423;;9;26.02.2025;Mittwoch;Februar;2025;146108,78;146,11;6115,62;6678,61;6255,7;6651,87;7193,81;7308,93;8368,95;10150,38;11335,91;10383,6;8766,22;7852,02;7881,84;8753,72;1157,95;1511,1;3351,88;4600,37;4931,79;5144,65;2580,17;2954,05;2987,5;2791,84
;;483fdac39423;;9;25.02.2025;Dienstag;Februar;2025;200401,1;200,4;6003,24;5845;6242,66;6417,49;6691,16;6910,75;6810,33;6495,84;10087,32;13323,21;14778,42;14100,44;13152,62;10992,1;12073,97;10313,2;11458,19;10813,72;3084,48;2937,34;4617,27;4754,19;6211,89;6286,27
;;483fdac39423;;9;24.02.2025;Montag;Februar;2025;133634,61;133,63;6257,51;6426,87;6286,46;6106,83;5869,98;6142,78;6731,78;6648,46;6977,67;7979,14;4903,28;4914,97;4158,48;4276;4734,37;3670,11;3431,16;4117,26;6632,51;5205,22;5390,12;5281,92;5442,77;6048,96
;;483fdac39423;;8;23.02.2025;Sonntag;Februar;2025;123715,59;123,72;5604,4;4929,34;5434,25;6200,01;6552,24;6352,77;6304,78;5990,6;6206,69;5797,42;4600,34;4641,19;4431,85;2973,48;2430,52;2653,24;2823,89;2945,64;4144,29;6015,8;6534,08;6571,9;6957,08;6619,79
;;483fdac39423;;8;22.02.2025;Samstag;Februar;2025;112602,19;112,6;5617,31;6069,41;6241,66;7320,04;6735,35;6157,74;6523,69;6567,98;6350,62;5869,6;4954,23;3547,45;2726,18;2177,09;1975,76;2670,79;2676,92;2743,48;3721,89;3802,3;4466,1;4205;4491;4990,6
;;483fdac39423;;8;21.02.2025;Freitag;Februar;2025;96606,72;96,61;7307,58;7506,4;6989,9;6839,82;7190,95;6902,78;5158,59;6748,4;8042,75;659,76;0;0;0;0;2703,31;2581,67;1745,1;1886,66;2030,53;2792,93;3841,98;4867,09;4868,64;5859,04
;;483fdac39423;;8;20.02.2025;Donnerstag;Februar;2025;245606,81;245,61;13882,14;13920,84;13671,62;14054,99;14127,49;14365,53;14556,74;15841,49;13970,84;9920,29;8994,74;8759,7;8427,62;6922,2;7632,89;7256,84;8028,47;7559,83;7116,57;6844,27;7633,2;7376,64;7639,58;7102,29
;;483fdac39423;;8;19.02.2025;Mittwoch;Februar;2025;331154,4;331,15;15533,45;16347,79;16278,32;15763,84;16311,38;15694,32;15842,49;17486,37;17383,63;14944,21;12136,42;9587,41;9764,81;9883,54;9264,74;12437,83;14091,32;13700,5;12013,96;12519,24;12954,55;13966,32;13616,84;13631,12
;;483fdac39423;;8;18.02.2025;Dienstag;Februar;2025;344096,52;344,1;15186,06;14879,45;15663,87;15936,18;16233,25;16438,42;16525,75;17486,88;16558,54;11778,08;12937,76;9349,53;10949,21;12200,44;10764,16;12063,72;14798,76;15444,02;15275,43;13213,02;14316,73;15492,47;15204,68;15400,11
;;483fdac39423;;8;17.02.2025;Montag;Februar;2025;314338,32;314,34;14334,51;14962,25;14919,05;15041,24;15223,2;15194,98;15408,94;16345,56;16000,26;11570,88;10284,93;9447,89;10356,57;9324,66;8792,86;13162,18;11915,93;11090,85;12099,87;12697,55;13520,1;13765,16;14079,09;14799,81
;;483fdac39423;;7;16.02.2025;Sonntag;Februar;2025;307469,23;307,47;13797;13812,99;14785,6;14550,16;14513,31;13977,78;13366,58;13108,68;12737,49;12526,25;12696,54;11888,37;11339,34;10041,74;9787,35;9967,42;11664,08;11806,57;12533,99;13025,71;13248,48;13665,76;13927,72;14700,32
;;483fdac39423;;7;15.02.2025;Samstag;Februar;2025;275047,9;275,05;11493,7;11580,61;11826,38;11730,45;11838,75;12099,64;11887,93;11689,57;12191,36;11670,6;11457,15;11153,87;10406,19;9415,3;9242,8;9408,1;10573,1;11079,6;11328;11914;12444;12809,8;12851;12956
;;483fdac39423;;7;14.02.2025;Freitag;Februar;2025;297216,29;297,22;12428,19;12245,29;12518,07;11890,6;12203,38;12785,45;12577,86;12078,63;14421,79;13170,6;13219,01;13081,27;16234,48;12382,34;13484,36;10815,84;10659,93;10972,47;11265,87;11748,16;11424,44;11316,27;11496,81;11693,65
;;483fdac39423;;7;13.02.2025;Donnerstag;Februar;2025;332378,53;332,38;13257,83;13025,32;13698,28;13296,77;13786,32;14212,61;14939,24;16257,16;17344,51;16552,59;13681,26;13832,02;13190,56;11585,46;14323,29;16467,11;17491,26;12955,75;12273,53;12265,13;12123,14;11466,75;12292,82;12059,82
;;483fdac39423;;7;12.02.2025;Mittwoch;Februar;2025;298204,18;298,2;11781,56;11510,26;12094,36;11620,33;11953,06;11867,31;12003,34;13264,85;12975,46;11252,88;13906,9;13714,39;13077,74;11495,27;11148,03;13188,8;13635,9;12877,62;11913,78;11868,97;12285,97;12712,81;13149,63;12904,96
;;483fdac39423;;7;11.02.2025;Dienstag;Februar;2025;330814,69;330,81;12981,53;12906,9;13166,75;12868,65;13216,1;13566,52;13771,06;18468,6;19780,75;17424,6;14779,97;13028,92;12783,77;12230,54;12824,49;12724,73;17049,6;13407,95;12456,22;12056,39;12314,44;12724,32;12039,89;12242
;;483fdac39423;;7;10.02.2025;Montag;Februar;2025;307804,39;307,8;12571,78;12483,99;12527,06;12135,16;12041,53;11887,83;12225,1;14379,25;16607,21;16340,63;16541,85;13522,62;13128,74;12542,81;13003,94;12338,05;11399;10740,56;11244,32;11548,7;12040,93;12038,27;12018,47;12496,59
;;483fdac39423;;6;09.02.2025;Sonntag;Februar;2025;250084,86;250,09;10255,87;10295,25;11216,49;10842,05;11095,66;11896,36;12139,52;12583,75;12614,9;10834,73;9100,48;8127,87;8123,73;8257,32;7882,99;7862,53;8969,05;9518,27;9804,15;10649,06;11343,52;11995,98;12014,52;12660,81
;;483fdac39423;;6;08.02.2025;Samstag;Februar;2025;259178,43;259,18;13261,29;12375,91;12066,16;13141,81;12709,77;12654,31;12682,26;12160,68;12477,04;11852,63;10609,41;10535,8;9678,22;9311,12;8760,96;9302,3;8800,84;8508,17;8862,6;9438,62;9616,24;10266,83;9996,72;10108,74
;;483fdac39423;;6;07.02.2025;Freitag;Februar;2025;303263,47;303,26;12149,84;12151,82;12029,14;11790,04;12373,95;12610,34;12212,93;13573,64;14779,49;13329,57;13939,14;12910,22;12617,43;11665,58;14437,28;12115,6;10617,87;12073,93;12322,56;12219,07;12327,83;12754,27;12744,34;12468,71
;;483fdac39423;;6;06.02.2025;Donnerstag;Februar;2025;231656,57;231,66;9909,05;9791,33;9978,28;10472,77;10013,92;9897,83;9786,71;10191,59;11266,04;9570,37;8743,89;8713,74;8875,71;7992,21;7306,6;9025,5;8943,41;8778,1;9908,75;9139,27;10016,81;10437,25;11170,08;11727,36
;;483fdac39423;;6;05.02.2025;Mittwoch;Februar;2025;240886,03;240,89;11036,21;11159,46;11080,35;10962,6;11225,83;10718,53;10788,36;12299,82;12308,15;10575,08;9335,16;9068,99;9840,57;9404,61;8007,39;9396,2;8747,13;8692,84;8714,35;8886,18;9161,65;9968,88;9389,79;10117,9
;;483fdac39423;;6;04.02.2025;Dienstag;Februar;2025;297665,49;297,67;12711,56;13088,07;13271,09;13452,16;13335,57;13401,34;12867,84;13216,32;13673,18;13165;12546,78;13404,78;12329,72;12432,62;10770,4;10966,61;13748,2;11731,26;11797,68;10800,04;10935,18;11261,88;11697,19;11061,02
;;483fdac39423;;6;03.02.2025;Montag;Februar;2025;290214,83;290,21;13574,21;14165,04;14013,32;13937,17;14607,69;14939,54;14824,83;14846,41;17012,07;14390,9;10453,6;9250,52;8554,43;8496,05;8308,35;8728,74;9892,38;10964,96;10281,63;10868,84;11175,41;12151,37;12373,49;12403,88
;;483fdac39423;;5;02.02.2025;Sonntag;Februar;2025;297593,32;297,59;12876;12884,6;13325;13178,46;13198,65;13195,9;14002,72;14269,72;14495,06;14026,95;13303,51;12408,81;11199,12;10384,22;10046,88;9344,67;10021,91;10636,86;12131,66;11375,25;12424,79;12355,78;13352,01;13154,79
;;483fdac39423;;5;01.02.2025;Samstag;Februar;2025;253999,56;254;11951;12592,71;12497,9;13026,21;12875,15;13213,87;12955,45;13079,77;13327;11452,7;9344,8;7958,4;6876,7;6313,7;6797,4;6127,7;6753,1;8897;9199,4;10571;11496;11913;12174;12605,6
;;483fdac39423;;5;31.01.2025;Freitag;Januar;2025;251912,02;251,91;11164,19;11379,53;11680,08;12253;11777,65;12123,3;11981,47;14809,13;15699,39;12186,16;10932,52;6396,37;7093,46;8953,76;6963,19;6590,81;6725,82;8131,47;9327,67;10244,73;10497,82;11048;11570,5;12382
;;483fdac39423;;5;30.01.2025;Donnerstag;Januar;2025;212090,95;212,09;9037,16;8565,36;8829,07;8762,62;8467,89;9227,3;8684,46;9874,96;9859,47;7540,63;7355,14;8101,15;7681,31;7316,71;6749,55;8993,81;9490,41;9440,66;8010,83;9079,39;9219,21;9736,82;10981,5;11085,54
;;483fdac39423;;5;29.01.2025;Mittwoch;Januar;2025;210019,3;210,02;8219,81;8449,01;8103,98;8344,67;8680,1;8172,43;8342,82;8784,71;9801,48;9499,78;8663;8377,24;9281,47;8234,36;7410,36;8169,33;10757,32;11119,05;8326,93;9102,97;8291,49;8649,33;8656,6;8581,06
;;483fdac39423;;5;28.01.2025;Dienstag;Januar;2025;194238,8;194,24;8927,11;8932,65;8462,64;9132,36;9301,11;9669,18;10060,17;11744,25;10333,49;8772,67;6239,83;5421,07;4809,17;4439,08;4611,66;7189,46;10008,4;7728,01;7745,69;6778,63;8271,16;7947,31;8348,59;8505,39
;;483fdac39423;;5;27.01.2025;Montag;Januar;2025;196983,36;196,98;10937,52;9694,68;9554,28;9507,8;8928,99;8509,79;9426,3;10262,37;10691,7;7179,97;7140,08;5924,17;6888,87;4777;4308,07;5174,14;8800,46;8039,61;8133,38;8151,14;8675,8;8859,86;8534,55;8456,77
;;483fdac39423;;4;26.01.2025;Sonntag;Januar;2025;225667,47;225,67;9023,8;9219,75;8829,21;8929,78;8833,98;9271,49;9768,93;10169,23;10214,19;9951,07;10457,45;8696,63;8507,46;8659,93;8245,79;8597,53;8666,87;9424,09;9915,74;9766,8;9551,7;10566,37;10365,83;10033,85
;;483fdac39423;;4;25.01.2025;Samstag;Januar;2025;182077,92;182,08;7300,48;7928,58;7469,46;7232,8;7636,22;7245,18;7769,29;7254,24;8015,52;7976,26;7934,27;8071,03;7716,39;7209,56;6881,49;5839,84;6917,3;6962,51;7658,6;7597,8;8102,9;8485,2;8491;8382
;;483fdac39423;;4;24.01.2025;Freitag;Januar;2025;216537,41;216,54;10262,09;10331,17;9505,03;9819,18;9269,81;9485,28;10023,98;11053,62;11377,66;9990,39;9217,92;10967,48;8472,39;9038,91;7924,32;8753,02;8291,92;7822,77;8295,01;7427,68;6989;7261,86;7317,77;7639,15
;;483fdac39423;;4;23.01.2025;Donnerstag;Januar;2025;238577,43;238,58;8581,59;9203,92;8456,43;8808,25;9096,16;9678,88;10753,29;11664,63;12591,47;9918,07;9875,8;9423,24;10575,86;8919,67;8462,28;9202,15;12162,86;9905,89;9426,06;9886,61;9928,53;10936,82;10523,24;10595,73
;;483fdac39423;;4;22.01.2025;Mittwoch;Januar;2025;267351,69;267,35;12802,27;12911,79;12875,8;12819,11;12859,45;13029,12;13136,03;13632,8;16032,07;13632,33;12164,36;11307,74;9129,14;8611,76;8433,66;10042,99;11636,13;9920,64;7986,54;8772,59;9004,67;8966,43;8714,42;8929,85
;;483fdac39423;;4;21.01.2025;Dienstag;Januar;2025;310645,75;310,65;12100,92;12140,08;12805,25;12600,06;12676,18;12738,98;12927,62;14468,47;13363,75;12783,89;12702,4;12594,46;11604,45;11915,25;12075,14;12460,75;14959,32;15614,4;15097,74;13574,6;12102,57;12554,22;12192,06;12593,19
;;483fdac39423;;4;20.01.2025;Montag;Januar;2025;316686,48;316,69;12557,87;12831,24;12835,16;12517,21;13105,92;12968,02;13296,61;15862,83;14326,03;13164,75;13525,33;13425,61;14421,27;13112,34;13120,94;13639,8;13182,46;12090,77;13723,29;12546,47;13175,32;13033,14;12460,79;11763,31
;;483fdac39423;;3;19.01.2025;Sonntag;Januar;2025;300028,02;300,03;14093;12916,54;12870,8;13076,58;13267,42;12742,95;12860,79;12962,9;12951,31;13019,12;12817,53;12295,2;11829,07;11298,62;11238,78;11499,77;12237,69;12405,39;12160,27;12255,19;12101,3;12349,19;12184,6;12594,01
;;483fdac39423;;3;18.01.2025;Samstag;Januar;2025;303601,16;303,6;11581,65;11843,08;11694,59;11973,04;12205,77;12849,17;12822,13;13320,34;13285,74;13407,92;12848,87;13119;12259,77;12090,09;12107,7;12260;12323,2;12722,1;13623;13086;13122;12940;12723;13393
;;483fdac39423;;3;17.01.2025;Freitag;Januar;2025;279629,96;279,63;11846,61;11558,88;11888,55;12552,18;11840,33;12076,9;10997,95;11323,26;13255,57;12961,2;12401,65;9991,25;8116,03;12591,13;14322,91;12332,99;11400,37;10350,42;10453,42;10648,99;11212,18;11124,71;11736,82;11447,79
;;483fdac39423;;3;16.01.2025;Donnerstag;Januar;2025;239931,17;239,93;8263,53;8469,81;8694,24;8168,27;8997,5;9071,6;7938,61;9414,77;11569,82;11611,93;9793,03;9215,99;9203,56;9215,2;9454,61;10757,65;12073,39;11675,59;10165,68;10707,21;10972,86;11239,78;11222,12;12034,42
;;483fdac39423;;3;15.01.2025;Mittwoch;Januar;2025;212164,92;212,16;10399,26;10104,38;9823,02;9710,87;9614,23;9576,78;9122,39;9053,95;7925,66;7899,37;8113,57;7318,43;7472,18;6807,35;6223,68;9024,74;10756,88;12000,61;9813,22;8806;7941,45;7979,99;8399,58;8277,33
;;483fdac39423;;3;14.01.2025;Dienstag;Januar;2025;294010,94;294,01;13913,28;14296,59;14928,18;14206,83;14361,65;14113,78;14525,57;15338,07;13981,03;12010,93;10743,9;10816,12;11375,65;9380,35;9080,08;10318,06;12423,52;12989,68;11044,72;11448,73;10960,95;10825,49;10752,98;10174,8
;;483fdac39423;;3;13.01.2025;Montag;Januar;2025;342076,38;342,08;14640,21;14754,26;14785,56;14806,03;15734,71;15367,1;16141,83;15508,81;18043,67;15937,25;13617,84;13663;10573,24;10551,93;8793,55;11375,34;16843,04;15963,63;15505,69;13854,43;13788,14;13883,65;14003,27;13940,2
;;483fdac39423;;2;12.01.2025;Sonntag;Januar;2025;288524,1;288,52;11562,34;12032,33;13089,76;13060,04;13055,89;13842,33;13245,89;13613,68;12493,78;12109,32;11453,91;10726,09;9691,28;8972,93;8950,85;9162,65;9899,43;11694,32;11966,25;12714,34;13060,11;13439,44;14386,4;14300,74
;;483fdac39423;;2;11.01.2025;Samstag;Januar;2025;283774,14;283,77;12281,03;12351,02;12938,34;12952,16;13494,3;13174,63;13329,78;13313,79;13992;13485,77;11017,26;9504,07;9076,22;8676,74;9247,34;10278,9;11080,35;10766,95;11285,36;11753,91;12283,25;12364,68;12463,67;12662,62
;;483fdac39423;;2;10.01.2025;Freitag;Januar;2025;301388,32;301,39;13146,9;13213,96;13142,08;12547,63;12169,56;12623,09;13088,4;14561,73;15959;13346,93;11817,99;11922,89;13984,35;14121,21;12224,19;12075,51;10137,37;11414,43;10929,46;10855,3;11859,49;11851,41;11948,82;12446,62
;;483fdac39423;;2;09.01.2025;Donnerstag;Januar;2025;288811,07;288,81;11322,84;10663,85;11187,88;10300,91;11062,97;11772,05;11517,29;12631,28;14141,94;12486,79;11171,39;11158,96;12083,4;12198,2;10114,43;11897,91;13881,86;14957,94;11985,93;12774,27;12202,68;12209,12;12413,79;12673,39
;;483fdac39423;;2;08.01.2025;Mittwoch;Januar;2025;273081,63;273,08;11613,5;11923,19;12083,81;11916,29;11726,17;12538,3;12778,65;15176,08;13777,04;12709,07;10744,29;8721,47;8852;7953,07;7403,33;10068,93;13856,51;11552,34;11962,94;11031,73;11931,14;11026,81;11086,13;10648,84
;;483fdac39423;;2;07.01.2025;Dienstag;Januar;2025;270967,39;270,97;10360,81;10265,5;9274,77;10291,19;10377,4;10040,19;11040,37;13730,3;13317,3;11850,18;10645,17;9238,81;11191,82;9431,62;10860,09;11949,02;12801,83;12184,41;11748,56;11931,31;12045,31;12508,98;11937,66;11944,79
;;483fdac39423;;2;06.01.2025;Montag;Januar;2025;176018,5;176,02;6950,93;6416,89;5711,54;5770,14;6529,31;6444,46;7302,36;6430,26;7119,59;7093,87;8607,11;7179,81;6927,03;6220,11;3893,54;5009,11;9086,48;7519,59;8330,64;8269,26;9378,23;9811,7;10157,69;9858,85
;;483fdac39423;;1;05.01.2025;Sonntag;Januar;2025;269050,25;269,05;10971,58;11325,16;11417,02;11659,2;11442,54;11794,1;12305,79;12503,37;12375,34;12620,06;12372,53;12872,94;12676,71;12660,37;12683,68;13125,05;11992,2;11207;10750,29;9835,4;8169,26;7989,36;7344,19;6957,11
;;483fdac39423;;1;04.01.2025;Samstag;Januar;2025;278938,59;278,94;12654,45;12175,56;12905,52;12438,85;12323,85;12605,01;12567,39;12096,25;12244,41;12099,79;11986,56;11285,35;10292;10590,46;10520,4;10584,27;10209,84;11332,32;11132,84;11223,31;11298,37;11509,48;11446,09;11416,22
;;483fdac39423;;1;03.01.2025;Freitag;Januar;2025;288354,08;288,35;11436,92;11371,01;11428,74;11682,9;11958,72;11935,85;11971,67;13489,32;14059,89;12011,91;11909,14;11705,49;11509,42;10889,04;11611,26;11644,02;11782,48;12169,06;12187,04;11882,34;12326,9;12192,54;12715,33;12483,09
;;483fdac39423;;1;02.01.2025;Donnerstag;Januar;2025;235676,11;235,68;9284,53;9654,03;8852,95;9458,52;9506,43;9518,39;10458,52;11539,43;12139,28;10457,17;10240,12;9260,41;8404,79;7897,16;7577,07;8171,71;8716,76;9473,88;9644,46;10718,95;11000,2;11340,12;11063,86;11297,37
;;483fdac39423;;1;01.01.2025;Mittwoch;Januar;2025;214291,42;214,29;10152,38;9755,39;9866,66;9529,49;9349,23;9326,75;8753,15;9845,59;10550,05;8710,51;8913,95;8477;8620,54;8305,79;8440,15;8625,49;8448,4;8745,67;8115,04;7317,11;7755,65;8883,21;8348,16;9456,06
;;483fdac39423;;1;31.12.2024;Dienstag;Dezember;2024;249252,22;249,25;8339,51;8918,82;8488,02;8951,24;8603,24;9129,12;9666,16;10805,28;11972,82;10306,35;10493,53;11021,15;10929;10677,46;10918,35;11417,03;11660,31;11413,42;11100,15;11749,29;11468,59;10136,26;10722,4;10364,72
;;483fdac39423;;1;30.12.2024;Montag;Dezember;2024;226377,68;226,38;9577,01;9958,24;9475,73;10022,82;9772,71;9519,75;9536,77;11071,44;11490,06;9752,33;9901,19;9937,09;9100,66;9647,85;8759,77;9119,08;8955,35;8909,26;8734,86;9008,48;8562,65;8477,78;8846,01;8240,79
;;483fdac39423;;52;29.12.2024;Sonntag;Dezember;2024;260088,35;260,09;11627,39;11471,07;11888,68;11997,16;11971,41;11981,67;12257,13;11736,16;11273,71;10926,27;11106,17;10224,15;10222,12;10291,97;9909,03;10172,81;10242,15;10380,59;10102,66;10167,01;10090,1;10272,4;9804,7;9971,84
;;483fdac39423;;52;28.12.2024;Samstag;Dezember;2024;253082,28;253,08;9805,42;9542;10412,53;10159,91;9763,41;10532,24;10662,14;10578,89;10949,46;11405,34;11205,61;10462,04;9763,67;10340,02;9541,18;9788,33;10377,4;10491,88;10954,59;10954,5;11153,76;11358,72;11515,24;11364
;;483fdac39423;;52;27.12.2024;Freitag;Dezember;2024;220344,24;220,34;8488,69;8803,6;8570,95;8850,32;9173;8631,74;9196,21;10470,62;11195,75;9448,48;9283,38;9340,17;8811;9121,44;8837,06;8358,16;8639,21;8630,65;9294,01;8875,86;9530,56;9327,42;9447,69;10018,27
;;483fdac39423;;52;26.12.2024;Donnerstag;Dezember;2024;176710,92;176,71;6930,91;6693,38;6922,02;6825,72;6557,41;7080,55;6811,49;7781,67;8739,98;7176,73;6993,07;7286,81;6870,28;7187,63;7038,73;7191,33;7337,52;7588,93;7640,83;7931,96;7568,34;8211,2;8035,2;8309,23
;;483fdac39423;;52;25.12.2024;Mittwoch;Dezember;2024;175782,81;175,78;8216,18;8322,85;8078,45;8338,05;7615,61;7835,03;8325,97;8187,82;9054,25;7961,62;7415,82;7351,31;6885,28;6889,17;6184,17;6351,83;6203,12;6302,55;6657,59;6680,38;6953,91;6728,56;6592,31;6650,98
;;483fdac39423;;52;24.12.2024;Dienstag;Dezember;2024;229500,54;229,5;10262,08;10247,37;10218,32;10843,71;10899,14;10644,17;10271,05;11710,71;11209,52;10074,07;9668,74;9228,13;8417,5;9244,12;8250,76;8487,15;8857,22;8709,6;8426,26;9016,65;9348,45;8339,38;8901,81;8224,63
;;483fdac39423;;52;23.12.2024;Montag;Dezember;2024;228685;228,69;11283,65;10816,11;10424,65;10215,88;9788,9;9906,19;10003,88;10454,27;11439,76;8980,95;9388,77;8687,09;7456,09;7973,15;7638,49;8027,66;8372,23;9139,61;9550,32;9640,19;9958,05;9903,48;9915,54;9720,09
;;483fdac39423;;51;22.12.2024;Sonntag;Dezember;2024;217872,63;217,87;7152,84;7041,23;7436,36;7818,58;7864,31;8209,56;8569,15;8929,79;8284,3;9487,05;9266,83;9186,55;8462,97;8913,12;9354,8;9683,98;9824,84;10378,19;9660,36;10127,57;10488,18;9912,32;10786,13;11033,62
;;483fdac39423;;51;21.12.2024;Samstag;Dezember;2024;192899,06;192,9;9503,31;8822,84;9416,76;8663,88;8819,92;8062,97;8112,26;8541,44;7870,2;8071,26;7588,71;7803,4;7507,45;7189,88;7844,92;8007,69;8392,67;7727,05;7823,23;7666,21;7853,47;7169,87;7154,05;7285,62
;;483fdac39423;;51;20.12.2024;Freitag;Dezember;2024;239297,73;239,3;10254,73;10390,99;10790,47;10352,47;10333,69;11032,86;11216,2;10870,45;10490;11199,03;11069,96;9241,59;10517,55;10489,17;9716,01;8637,77;7950,79;8569,26;9529,29;9538,32;9567,79;9241,54;9594,3;8703,5
;;483fdac39423;;51;19.12.2024;Donnerstag;Dezember;2024;185347,23;185,35;5627,2;5289,31;5190,86;5883,19;5694,25;5849,58;5564,75;5496,41;7689,18;5374,84;4355,25;5155,14;5452,32;6870,02;8144,47;10305,55;12881,84;12902,54;10852,68;10011,08;9955,16;10377,38;9972,98;10451,25
;;483fdac39423;;51;18.12.2024;Mittwoch;Dezember;2024;183759,61;183,76;8080,19;8043,32;8550,52;8800,57;8207,69;8218,36;8416,92;10188,48;8020,08;7213,38;7657,02;7440,73;6980,15;7381,03;6489,1;6153,92;6882,94;9478,9;8204,55;8079,81;8172,48;6103,82;5389,25;5606,4
;;483fdac39423;;51;17.12.2024;Dienstag;Dezember;2024;173163,18;173,16;7331,26;7360,77;7179,37;7722,81;7412,27;7980,03;7721,8;8806,04;7311,56;6353,28;6366,75;6684,36;6416,72;6489,33;6444,09;7476,83;6433,75;6494,8;7759,95;7031,28;7410,54;7634,67;7456,2;7884,72
;;483fdac39423;;51;16.12.2024;Montag;Dezember;2024;164190,82;164,19;6356,18;5951,54;6010,95;6724,28;6003,57;6680,08;6808,08;7328,72;8061,69;6525,83;7850,67;6641,3;7082,67;6296,13;6626,49;6245,13;6625,87;7505,49;6423,65;7149,06;7027,58;7472,33;7100,57;7692,96
;;483fdac39423;;50;15.12.2024;Sonntag;Dezember;2024;212429,49;212,43;10276,8;9791,11;10559,11;10462,85;10275,23;10985,82;10216,5;10263,39;9796,96;9305,52;9274,87;8709,67;8208,74;8210,47;8235,9;8221,46;7886,26;8027,83;7718,12;7658,44;7116,25;7098,7;7216,81;6912,68
;;483fdac39423;;50;14.12.2024;Samstag;Dezember;2024;254006,92;254,01;11181,91;11428,49;10950,66;11150,92;10593,87;11556,95;12594,11;11600,33;11647,71;11171,11;11047,85;10519,9;9813,85;10753,78;10000,33;9875,74;10274,33;9609,73;9602,42;9846,38;9773,45;9657,3;9292,4;10063,4
;;483fdac39423;;50;13.12.2024;Freitag;Dezember;2024;273171,57;273,17;9556,19;10522,54;10153,25;10341,03;10922,34;10497,88;10609,12;12795,22;12852,6;11224,27;10616,36;9915;10158,85;14016,81;15029,79;13252,72;13589,66;12048,33;11018,04;10254,23;10491,75;10736,07;11030,15;11539,37
;;483fdac39423;;50;12.12.2024;Donnerstag;Dezember;2024;248409,34;248,41;10133,68;10196,37;10805,95;10291,67;9942,34;10656,44;10853,76;12287,43;11085,4;10594,86;9554,47;8645,98;11392,65;9668,94;9874,96;10880,88;11497,06;11753,23;9787,88;9888,21;9580,73;9640,27;9550,53;9845,65
;;483fdac39423;;50;11.12.2024;Mittwoch;Dezember;2024;254032,87;254,03;9627,82;9587,32;9496,11;9755,48;9597,13;9740,16;9980,35;10094,76;11268,92;9893,7;10614,28;11179,92;11844,28;12396,75;12052,63;11356,81;13043,89;10417,98;10385,49;10139,48;10290,74;10215,53;10346,47;10706,87
;;483fdac39423;;50;10.12.2024;Dienstag;Dezember;2024;255222,1;255,22;9594,48;9750,93;8998,9;9833,9;9774,53;9983,64;10442,67;12474;12597,8;11581,01;10559,93;10687,4;11056,9;11196,91;11684,81;12986,77;14159,57;10469,35;9900,88;9150,81;9546,21;9709,14;9691,82;9389,74
;;483fdac39423;;50;09.12.2024;Montag;Dezember;2024;244509,41;244,51;9227,79;9908,84;9391,52;9298,76;9638,45;9717,01;9710,35;11817,16;11468,95;10209,09;11747,8;10702,22;11141,56;9892,55;10564;10339,14;10993,38;9583,37;10130,27;9696,97;9913,35;9546,5;10201,46;9668,92
;;483fdac39423;;49;08.12.2024;Sonntag;Dezember;2024;214676,08;214,68;8048,75;8479,4;8131,07;8584;8430,01;8167,12;8838,87;9624,52;9643,86;9808,63;9132,59;7895,5;8645,94;9045,41;9278,57;9797,32;9059,37;8805,84;8958,84;8853,16;8707,41;9094,17;9670,99;9974,74
;;483fdac39423;;49;07.12.2024;Samstag;Dezember;2024;200653,04;200,65;7519,4;8494,93;8529,5;9340,27;9792,68;8835,82;9515,33;9521,44;9759,72;8996,62;9250,03;8621,39;7850,4;7788,56;7088,43;7400,01;7214,55;8099,41;7673,83;7993,88;8393,7;7457,52;7780,36;7735,26
;;483fdac39423;;49;06.12.2024;Freitag;Dezember;2024;196411,17;196,41;9373,39;9287,57;9332,19;7923,41;7737,2;8125,02;8957,21;8096,16;8777,11;8663,39;8247,63;6198,51;8129,59;10339,41;11700,48;7647,59;7062,35;6651,44;7420,78;6889,93;7081,57;7331,1;7763,55;7674,59
;;483fdac39423;;49;05.12.2024;Donnerstag;Dezember;2024;259639,89;259,64;11771,9;11723,19;11066,69;12108,31;10987,45;11088,13;11151,35;12610,97;12933,99;11583,57;10109,3;9255,16;9810,62;9770,32;10671,44;13233,9;11929,11;10005,28;10471,54;9861,17;9205,82;10040,55;9597,58;8652,55
;;483fdac39423;;49;04.12.2024;Mittwoch;Dezember;2024;242056,15;242,06;9897,87;10304,5;10000,52;9881,28;10408,52;9680,13;10389,9;12770,86;12826,81;9995,65;9293,16;8152,72;7959,79;7844,18;6816,54;10868,31;9083,82;9337,54;10835,48;9646,65;10946,1;11098,07;11802,77;12214,98
;;483fdac39423;;49;03.12.2024;Dienstag;Dezember;2024;208537,24;208,54;7787,11;7603,69;8325,5;7466,48;7165,43;7993,29;6037,47;7689,84;6420,23;7451,28;6336,81;7448,97;7311,77;7285,23;8574,66;8724,05;11965,69;11992,54;11173,59;11388,52;11934,05;11552,31;9141,04;9170,39
;;483fdac39423;;49;02.12.2024;Montag;Dezember;2024;185961,37;185,96;8706,47;8614,4;8190,87;8041,73;8020,53;7837,36;7994,66;10529,04;10296,39;6783,66;7196,19;7349,1;7864,41;6435,11;6401,73;6879,68;7412,43;7280,54;7927,28;6601,01;7098,56;7277,52;7654,13;7568,57
;;483fdac39423;;48;01.12.2024;Sonntag;Dezember;2024;236484,86;236,49;11371,3;11358,25;10918,83;11736,63;11306,67;11707,82;11694,58;12036,96;12703,3;10620,27;9462,23;7770,14;7666,7;6939,22;7223,46;7545,86;8647,01;9076,56;9715,01;10312,6;10019,6;8957,12;9210,31;8484,43
;;483fdac39423;;48;30.11.2024;Samstag;November;2024;256506,74;256,51;12159,47;11545,66;11940,65;12063;12425,01;12796,12;12675,7;12485,39;13168,63;11478,96;9492,04;8751,68;8676,36;7713,57;7227,9;7450,7;8956,9;9273,2;10265,3;10376,4;11369,7;11043,1;11360,7;11810,6
;;483fdac39423;;48;29.11.2024;Freitag;November;2024;218555,15;218,56;8688,97;8794,75;8489,64;8286,62;8866,78;9021,61;9178,54;9904,54;12660,08;10874,58;9682,9;6475,74;8217,16;6489,98;7015,36;6553,43;7287,18;8957,54;9283,34;9455,54;10768,55;10779,22;11256,6;11566,5
;;483fdac39423;;48;28.11.2024;Donnerstag;November;2024;257208,76;257,21;15258,26;15810,55;13959,41;13099,38;12881,5;12329,1;12258,18;12658,84;12621,47;9973,25;10401,84;9411,76;9552,83;8875,02;8380,48;10587,17;9160,87;9408,02;7939,2;8316,03;8521,72;8493,63;8625,18;8685,07
;;483fdac39423;;48;27.11.2024;Mittwoch;November;2024;239222,9;239,22;8444,04;9642,84;9225,96;9381,81;10472,47;10060,32;10416,51;11806,7;11761,95;8768,54;8723,39;8125,83;8896,25;8657,26;10252,56;10158,37;12131,94;7770,37;7638,44;8205,78;10088,64;11536,98;12488,52;14567,43
;;483fdac39423;;48;26.11.2024;Dienstag;November;2024;181197,91;181,2;6961,82;7000,88;7625,14;7354,88;7820,95;7998,88;7979,4;9646,05;9944,79;7615,23;6258,26;4216,47;4489,06;7121,47;5498,17;5630,4;9292,44;10930,2;7702,18;7613,99;7616,24;7895,37;8653,82;8331,82
;;483fdac39423;;48;25.11.2024;Montag;November;2024;109980,39;109,98;3228,94;3284,36;3597,29;3519,46;3429,64;3666,48;3365,38;4887,79;5764,68;3764,06;3457,12;3007,59;2862,73;2586,22;2546,53;4957,65;6992,98;5546,41;6574,48;6112,84;6693,08;6364,95;6733,19;7036,54
;;483fdac39423;;47;24.11.2024;Sonntag;November;2024;131179,86;131,18;10436,2;8833,12;8730,94;7468,92;7500,12;7055,07;7155,65;7300,61;7015,55;6466,54;5714,29;4939;4610,29;3797,13;2901,55;3505,26;3322,87;3588,93;3895,27;3610,53;3524,81;3195,01;3114,59;3497,61
;;483fdac39423;;47;23.11.2024;Samstag;November;2024;265117;265,12;12480;12484,2;12522,9;12082,1;11645,8;11805,9;12205,5;11727;11632,9;11452;10536,7;10503,7;11044,2;10446,1;9965,1;9578,2;10179,7;10206,4;10706;10519,9;10010,6;10057,5;10501,4;10823,2
;;483fdac39423;;47;22.11.2024;Freitag;November;2024;281434,31;281,43;11804,14;11577,06;11775,15;12589,16;12294,61;12518,31;12175,22;14715,17;16550,09;12953,17;10645,29;9567,05;11646,37;10983,8;11982,17;9872,15;11240,36;10154,6;9844,76;10702,58;10814,2;11261,9;11758,3;12008,7
;;483fdac39423;;47;21.11.2024;Donnerstag;November;2024;282955,89;282,96;11008,02;11187,5;10921,96;11452,29;10838,76;11005,11;12411,14;14554,86;15533;11808,88;10882,92;9399,81;9819,1;9924,78;10665,81;11260,27;12546,32;13453,59;14351,07;11832,18;11783,27;11782;12196,73;12336,52
;;483fdac39423;;47;20.11.2024;Mittwoch;November;2024;283808,9;283,81;11728,17;11621,71;11912,38;11815,75;11630,19;11816,4;10558,95;14432,87;14047,44;11049,26;9992,3;11658,24;9352,32;10382,13;10438,75;12413,7;14065,67;11642,13;13236,08;12884,59;12075,48;11904,44;11806,67;11343,28
;;483fdac39423;;47;19.11.2024;Dienstag;November;2024;263481,08;263,48;10086,17;9609,65;9780,46;9967,25;9357,7;9733,08;10086,99;12647,89;15027,31;13924,14;13046,52;11854,99;11715,69;12513,63;12093,56;11037,14;10583,6;10426,69;9752,52;9694,15;9700,18;9753,19;10430,52;10658,06
;;483fdac39423;;47;18.11.2024;Montag;November;2024;222399,54;222,4;9726,81;8951,47;9186,74;9750,67;10044,95;10013,07;11256,13;11493,08;11292,05;8316,45;8006,61;7380,43;6242,41;6380,97;7428,93;8886,08;9254,09;9852,02;9480,87;9998,01;9650,38;9964,89;9985,99;9856,44
;;483fdac39423;;46;17.11.2024;Sonntag;November;2024;187054,78;187,06;7501,1;6842,66;7398,3;6345,71;7547,33;6457,68;7114,15;7041,94;8174,36;8059,85;6965,86;6548,48;5816,53;6217,88;6322,77;6971,6;8969,92;9237,18;9598,51;9769,42;9265,91;9404,69;9371,5;10111,45
;;483fdac39423;;46;16.11.2024;Samstag;November;2024;164794,81;164,79;6918,44;5931,25;6806,94;6406,66;7370,04;6593,07;7578,71;6545,98;7585,58;6500,39;6998,97;6013,98;6983,3;6394,89;6487,49;6504,03;6548,96;7070,25;7057,78;7598;7167,5;7488,5;7287,8;6956,3
;;483fdac39423;;46;15.11.2024;Freitag;November;2024;150347,93;150,35;6059,43;6705,42;6516,93;6803,62;6690,63;6818,58;5924,29;7951,96;8980,7;6947,5;6658,92;5156,44;5741,3;7915,57;6115,63;4202,6;4807,22;4984,02;5877,61;5464,15;5905,14;5997,94;6072,17;6050,16
;;483fdac39423;;46;14.11.2024;Donnerstag;November;2024;147375,01;147,38;4990,84;5078,94;5053,61;4824,89;5134,99;5363,8;5044,75;12416,26;7143,29;5745,91;6474,93;5346,19;5364,81;5158,08;5356,44;6100,46;8905,69;7298,53;5872,64;5504,58;6143,97;6344,68;6245,68;6461,05
;;483fdac39423;;46;13.11.2024;Mittwoch;November;2024;154736,09;154,74;6406,51;5783,37;6387,34;6352,75;6237,55;6507,7;7991,51;9471,87;8347,34;9045,2;11170,25;7354,8;5912,17;6153,01;5492,89;6228,2;7244,37;7512,75;3081,22;3775,7;4030,18;4689,34;4801,75;4758,32
;;483fdac39423;;46;12.11.2024;Dienstag;November;2024;144640,84;144,64;6491,14;6658,99;6305,86;6049,04;6533,81;6844,48;8065,64;9706,89;10263,69;8093,37;5339,42;3788,95;4325,5;3879,94;4216,67;5237,6;4647,57;5299,97;4845,89;5251,16;4944,83;6240,86;5681,14;5928,43
;;483fdac39423;;46;11.11.2024;Montag;November;2024;146326,71;146,33;6241,37;6557,32;6950,69;6677,72;6252,6;6526,41;7267,43;6905,26;6256,41;5771,75;6118,55;5977,52;5237,61;5302,46;4584,13;6475,83;6642,44;5493,95;4780,2;5184,24;5706,3;6218,47;6544,87;6653,18
;;483fdac39423;;45;10.11.2024;Sonntag;November;2024;155475,76;155,48;6856,65;7051,38;7177,75;7071,06;6805,99;7632,51;6935,99;7013,58;6773,87;6702,63;6910,85;6793,87;6096,33;5785,66;4840,1;5504,57;5153,85;5854,66;6103;6319,16;6470,04;6386,22;6562,41;6673,63
;;483fdac39423;;45;09.11.2024;Samstag;November;2024;180647,55;180,65;8630,52;8273,47;8245,57;8427,32;8116,76;7783,39;7466,54;7464,27;7739,27;7547,07;7752,6;7595,17;7374,91;7034,5;6952,35;7026,97;7128;7145,21;7355,7;6945,6;7232,67;6889,83;7168,15;7351,71
;;483fdac39423;;45;08.11.2024;Freitag;November;2024;223890,66;223,89;9250,19;9040,89;9534,2;9033,24;9173,37;9662,74;9831,83;11919,98;11608;10376,68;11171,76;8109,97;10589,03;10632,89;8874,81;8347,76;8258,62;8301,18;8271,87;8267,97;8271,67;8786,75;8206,7;8368,56
;;483fdac39423;;45;07.11.2024;Donnerstag;November;2024;212030,43;212,03;8267,07;7452,31;8222,61;8009,65;8183,14;8425,02;8135,58;9708,86;10161,47;8956,91;9582;8603,56;8765,43;9246,15;9428,98;10654,91;9181,47;8484,34;8547,44;8114,99;9157,49;8669,41;9023,83;9047,81
;;483fdac39423;;45;06.11.2024;Mittwoch;November;2024;196249,36;196,25;8664,28;8177,4;8216,33;8402,1;8116,81;7755,2;8500,01;11042,77;10993,21;9690,42;8531,25;8161,14;8963,2;7806,9;8075,51;9202,06;6958;6844,56;6305;6695,32;7240,69;7201,48;7549,21;7156,51
;;483fdac39423;;45;05.11.2024;Dienstag;November;2024;233929,05;233,93;7798,26;8145,52;8403,38;7904,1;8147,04;8676,16;9736,05;11259,67;11803,26;9304,99;15933,93;16400,9;16364,4;12703,02;11583,35;12288,13;11541,03;7788,22;3844,56;4780,71;6258,8;7094,5;8252,28;7916,79
;;483fdac39423;;45;04.11.2024;Montag;November;2024;186766,73;186,77;9134,13;9343,56;9816,12;9472,71;9469,91;8834,83;8308,49;8024,51;8192,53;6793,58;7086,88;7197,37;6487,51;5631,89;5147,96;6065,25;6153,88;7271,56;7644,33;8819,83;9462,2;7344,05;7244,02;7819,63
;;483fdac39423;;44;03.11.2024;Sonntag;November;2024;179235,79;179,24;9266;9264,95;9651,37;9677,26;10115,33;10053,12;10142,95;10703,62;9927,06;7867,18;5627,23;4933,4;4619,09;4098,99;4193,27;4255,25;4099,74;5139,92;5507,53;6976,15;7375,77;8092,27;8664,78;8983,56
;;483fdac39423;;44;02.11.2024;Samstag;November;2024;125450,1;125,45;4624,68;4747,76;4573,86;4549,02;4704,88;4761,5;4987,6;5345,9;5072,9;4760,7;3966,8;4284,3;3916,7;3913,8;3796;3900,7;4337,2;5247,6;5488,1;6749,6;7486;7477,2;8199,8;8557,5
;;483fdac39423;;44;01.11.2024;Freitag;November;2024;108499,42;108,5;3968,05;4501,3;4453,17;4824,93;4728,86;5031,47;5001;5012,69;4845,63;4743,4;4332,8;4476,56;4287,19;4062,38;4149,91;4446,12;4061,84;4365,36;4769,43;4334,12;4510,87;4530,7;4602,86;4458,78
;;483fdac39423;;44;31.10.2024;Donnerstag;Oktober;2024;96225,41;96,22;4953,82;4674,53;4815,14;5311,75;4683,18;4716,93;4529,56;4385;4360,05;4190,38;4190,84;3305,01;2978,44;3301,38;3036,37;3061,08;3271,71;3590,26;3192,65;3816,81;3721,83;3824,02;3854,82;4459,85
;;483fdac39423;;44;30.10.2024;Mittwoch;Oktober;2024;76438,29;76,44;3347,48;3483,71;3414,85;3556,87;3759,9;4015,28;4333,71;4348,85;4262,32;3348,76;2994,85;2771,06;2028,62;1777,73;1836,68;2731,45;1796,17;2082,75;3350,41;2555,69;3033,59;3465,03;3766,6;4375,93
;;483fdac39423;;44;29.10.2024;Dienstag;Oktober;2024;84589,06;84,59;4005,26;4138,55;4324,84;4323;4179,66;4532,09;4439,09;4524,54;3491,09;3197,01;3140,49;2701,3;2772,07;2785,47;2171,59;3500,9;4326,83;4333,56;2695,82;2622,26;3074,47;2789,9;2922,27;3597
;;483fdac39423;;44;28.10.2024;Montag;Oktober;2024;122763,65;122,76;5217,71;6592,5;5742,88;6442,27;6510,27;6523,06;7025,02;10152,24;6138,4;4762,56;4521,33;5198,5;4473,87;4690,26;3249,73;3641,35;3316,27;4135,82;3569,17;3991,91;3990,48;4074,3;4262,99;4540,76
;;483fdac39423;;43;27.10.2024;Sonntag;Oktober;2024;91190,96;91,19;4164,47;5405,22;4704,57;4868,73;4922,05;4558,92;4722,32;4458,08;4415,46;3647,34;3457,44;2849,33;2411,08;1616,54;1518,33;1415,91;1733,46;1877,34;2708,54;3499,1;3266,69;4176,52;4590,1;5178,48
;;483fdac39423;;43;26.10.2024;Samstag;Oktober;2024;82729,2;82,73;4197;5296,5;5141,59;5234,79;5896,01;5634,67;6019,08;6115,76;5950;5618,52;4938,67;2844,36;1629,78;1324,52;881,8;661,36;628,5;733,17;976,49;1423,82;1788,85;2880,41;3014;3899,55
;;483fdac39423;;43;25.10.2024;Freitag;Oktober;2024;77402,58;77,4;4252,8;4491,9;4987,19;5753,26;5621,42;6249,65;6250,62;5846,14;5989,93;4410,61;2198,9;1434,28;2680,21;1786,45;1006,9;522,99;547,6;517,98;594,72;1286,97;1349,89;2776,77;3046,3;3799,1
;;483fdac39423;;43;24.10.2024;Donnerstag;Oktober;2024;118190,86;118,19;7358,47;6910,57;7164,15;7386,09;7453,38;7495,8;6747,57;10020,74;8007,17;5405,65;4652,04;2949,72;2863,44;2222,35;1555,34;2116,32;3727,26;3669,04;1646,74;2526,5;3555,47;3843,93;4112,73;4800,39
;;483fdac39423;;43;23.10.2024;Mittwoch;Oktober;2024;129408,58;129,41;5711,07;6189,07;5863,11;6671,55;6336,43;6159,12;7136,08;8579,75;8042,57;5460,27;4568,9;5353,04;3726,41;3517,43;3364,81;3058,93;3360,81;5181,1;3572,53;4056,93;4783;5504,98;6757,34;6453,35
;;483fdac39423;;43;22.10.2024;Dienstag;Oktober;2024;92410,72;92,41;2653;2538,03;3084,59;3529,89;3679,81;4559,74;6462,92;8726,52;5878,52;5151,53;3420,09;2645,57;2089,85;2077,52;2151,54;2310,81;5477,96;3526,76;2530,54;2342,01;3660,94;4192,77;4584,55;5135,26
;;483fdac39423;;43;21.10.2024;Montag;Oktober;2024;49581,39;49,58;1796,15;1464,41;1809,91;1496,9;1777,63;1928,85;2430,92;4766,7;3715,66;1977,19;1809,7;1820,77;1552,3;1429,26;1577,13;1689,55;1707,05;1716,07;1751,63;1950,78;2056,62;2085,39;2601,64;2669,18
;;483fdac39423;;42;20.10.2024;Sonntag;Oktober;2024;67076,84;67,08;4228,3;4590,7;4362,85;4652,49;4779,97;5015,35;4784,3;5044,5;5316,71;3382,65;2882,53;1759,75;1977,18;855,72;937,12;772,27;899,38;945,97;1414,95;1341,4;1688,29;1727,99;1854,42;1862,05
;;483fdac39423;;42;19.10.2024;Samstag;Oktober;2024;51916,65;51,92;764,76;1486,26;1825,39;1883,22;2153,5;2359,44;2205;2656,74;2401,64;2141,96;2021,17;1537,7;1827,08;1475,33;1316,94;1926,54;1556,6;1965,22;1783,66;2557,9;3325,2;3461,9;3418,2;3865,3
;;483fdac39423;;42;18.10.2024;Freitag;Oktober;2024;43171,96;43,17;2696,19;2585,22;2566,66;2815,97;2997,84;2932,64;3137,64;4911,58;5278,72;3332,76;1860,4;815,62;1633,53;2845,93;584,2;349,35;194,75;138,87;109,63;141,42;372,62;129,57;234,15;506,7
;;483fdac39423;;42;17.10.2024;Donnerstag;Oktober;2024;68108,72;68,11;3586,07;4117,33;4212,64;4440,66;4887,8;4945,34;5063,89;5136,86;6387,01;4381,52;3609,73;2314,67;1922,47;935,08;1079,11;1293,98;2461,97;902,41;574,03;340,1;778,42;1055,38;1672,96;2009,29
;;483fdac39423;;42;16.10.2024;Mittwoch;Oktober;2024;118288,31;118,29;6703,87;6897,77;7416,69;7078,58;7309,17;7656,49;7785,23;8967,89;10436,6;6609,75;5257,17;3418,05;2893,77;2675,03;1545,36;3261,79;4260,31;2552,2;1088,13;2160,31;2400,67;3027,18;3512,88;3373,42
;;483fdac39423;;42;15.10.2024;Dienstag;Oktober;2024;156947,42;156,95;7075,84;7719,66;7579,11;8340,31;8161,05;8644;9819,94;10889,6;11073,83;9666;6057,75;3222,48;2408,08;3089,55;2226,57;3290,12;5725,7;7008,27;5386,74;4884,4;5203,39;6259,99;6235,78;6979,26
;;483fdac39423;;42;14.10.2024;Montag;Oktober;2024;125628,01;125,63;6008,6;6571,54;5745,66;6438,78;6225,5;6817,83;6542,75;7413,57;8348,9;6003,34;5741,58;5682,55;4576,03;3121,75;2203,77;2165,69;3380,61;4423,79;3375,21;3245,85;4226,35;5132,2;5795,48;6440,68
;;483fdac39423;;41;13.10.2024;Sonntag;Oktober;2024;127769,91;127,77;4900;4835,8;5025,9;5684,05;7015,5;6785,65;7703,29;7282,77;7400,37;6437,86;5513,18;3898,3;3405,02;3484,39;3368,36;3621,44;3320,25;3512,65;4400,37;5347,73;5615,3;6538,89;6158,08;6514,76
;;483fdac39423;;41;12.10.2024;Samstag;Oktober;2024;129499,48;129,5;7377,63;7307,01;7685,11;8034,67;7802,28;8133,86;8578,98;8407,14;8313,6;6813,67;5309,45;3350,95;2790,43;3152,84;2695,34;2248,04;2804,23;2966,25;3310,4;3863,6;4141,8;4503,1;4858,4;5050,7
;;483fdac39423;;41;11.10.2024;Freitag;Oktober;2024;129742,71;129,74;6248,09;6463,02;6710,92;6568,17;7177,64;7609,74;8039,87;11048,36;10356,56;5519,57;4726,89;2350,3;3051,32;4790,77;2265,99;3889,35;1977,64;2058,49;2336,79;3751,54;4580,27;4865,67;6740,86;6614,89
;;483fdac39423;;41;10.10.2024;Donnerstag;Oktober;2024;101947,16;101,95;2600,62;2753,32;3425,35;2787,1;3429,12;3224,49;4235,89;5117,91;7335,34;4558,62;4880,53;5992,11;4265,97;3106,09;2354,94;3623,77;5570,07;3396,2;2725,73;3750,28;4654,28;5121,01;6100,16;6938,26
;;483fdac39423;;41;09.10.2024;Mittwoch;Oktober;2024;56655,05;56,66;3199,34;3269;3453,94;3643,08;3576,61;3721,23;3108,48;3175,12;4269,76;2061,7;1592,08;916,87;807,84;1035,39;1163,11;2760,38;2099,6;1725,11;1040,76;1661,6;1727,59;2012,69;2315,83;2317,94
;;483fdac39423;;41;08.10.2024;Dienstag;Oktober;2024;55448,41;55,45;2724,87;2835,84;3053,6;2657,89;2320,86;3061,1;2535,75;4522,78;5198,19;3192,27;2633,76;1629,28;1267,81;1346,31;1019,9;2863,73;3737,79;1885,57;107,35;449,41;849,59;1309,45;1882,12;2363,19
;;483fdac39423;;41;07.10.2024;Montag;Oktober;2024;70873,23;70,87;5736,68;5890,75;5949,49;5174,9;5335,63;4926,32;5001,99;5030,19;6324,48;3372,36;2435,17;1726,59;1303,91;1531,67;1404,53;1634,16;856,01;1080,09;650,35;428,53;518,58;961,93;1645,25;1953,67
;;483fdac39423;;40;06.10.2024;Sonntag;Oktober;2024;114396,81;114,4;6621,4;6842,9;7850,63;7599,67;7576,06;7846,52;8043,34;8402,69;7961;6091,39;3199,1;1982,03;1566,73;1142,83;1197,15;1498,11;1611,22;1652,02;2221,15;3060,79;4172,29;4609,74;5455,71;6192,34
;;483fdac39423;;40;05.10.2024;Samstag;Oktober;2024;125870,2;125,87;7247,28;7606,56;7908,87;8164,39;8233,9;8642,85;8934,85;8839,81;9095,68;8003,35;5152,18;2431,89;2079,14;1800,98;1497,27;1704,4;1866,9;1933,4;2093,7;2426,4;3838,5;4613,5;5400,5;6353,9
;;483fdac39423;;40;04.10.2024;Freitag;Oktober;2024;122129,42;122,13;6236,3;7270,4;7280,44;7319,35;7835,56;8147,95;8712,51;10874,35;10016,68;7077,2;3553,39;2190,35;1455,79;1587,7;1454,4;1261,7;1438,17;1740,68;2544,41;2918,31;3921,88;5022,25;5795,83;6473,82
;;483fdac39423;;40;03.10.2024;Donnerstag;Oktober;2024;117755,86;117,76;6784,94;7300,83;7600,16;7110,52;7450,83;7897,92;7407,85;9958,82;7280,17;4979,92;3603,44;1989,94;2055,86;2018,29;2006,09;2314,58;2275,25;2699,88;2750,7;3833,06;3803,96;4160,95;4661,76;5810,14
;;483fdac39423;;40;02.10.2024;Mittwoch;Oktober;2024;136308,2;136,31;4556,09;4789,48;5265,92;5236,29;5689,67;5817,54;6271,28;6576,05;8020,38;6499,97;6893,55;6610,44;6037,48;6495,78;5944,03;5500,99;5065,33;4234,58;4154,98;4316,75;4373,12;5518,67;5913,28;6526,55
;;483fdac39423;;40;01.10.2024;Dienstag;Oktober;2024;102789,65;102,79;5192,7;5242,65;4889,75;4577,22;4766,65;4214,25;4674,28;6796,09;6183,01;4192,49;4216,83;4197,16;3732,01;3391,57;3245,72;2906,65;5622,81;3898,06;2325,37;3186,05;3071,87;3829,82;4154,41;4282,23
;;483fdac39423;;40;30.09.2024;Montag;September;2024;129264,99;129,26;4654,82;4875,45;5291,9;5337,86;6237,44;6027,53;7871,53;10962,01;10523,15;7136,3;6110,13;6373,58;4461,8;4694,3;3403,34;2438,03;1883,68;3010,13;3308,45;4010,19;4483,46;5313,79;5493,84;5362,28
;;483fdac39423;;39;29.09.2024;Sonntag;September;2024;89272,47;89,27;5783,8;5987,5;5811,33;6159,78;6281,34;6359,29;6567,51;6440,59;6347,74;4589,91;2675,29;1347,66;1198,41;1148,94;908,53;873,82;869,87;1288,6;1549,82;2112,78;3023,83;3712,04;3837,74;4396,35
;;483fdac39423;;39;28.09.2024;Samstag;September;2024;93201,07;93,2;4253,81;4397,26;4644,58;4921,88;5495,12;5515,31;5471,44;6202,3;5460,24;4597,38;2903,07;1284,43;1239,23;1602,64;2281,12;2135,52;2196,37;2833,33;3038,66;3497,9;3883,88;4847,82;5054,4;5443,38
;;483fdac39423;;39;27.09.2024;Freitag;September;2024;74419,22;74,42;1790,97;2535,65;2682,48;2559,75;3000,04;2647;3155,24;3275,2;3341,66;2871,21;1500,52;1364,37;3541,54;4422,59;4634,17;1757,86;2047,52;2858,82;3696,51;4044,09;4392,05;4300,32;4122,71;3876,95
